{"last_node_id":90,"last_link_id":134,"nodes":[{"id":5,"type":"EmptyLatentImage","pos":[1240,910],"size":{"0":210,"1":100},"flags":{},"order":5,"mode":0,"inputs":[{"name":"width","type":"INT","link":44,"widget":{"name":"width"}},{"name":"height","type":"INT","link":45,"widget":{"name":"height"}}],"outputs":[{"name":"LATENT","type":"LATENT","links":[134],"slot_index":0}],"properties":{"Node name for S&R":"EmptyLatentImage"},"widgets_values":[832,1216,1]},{"id":10,"type":"CLIPSetLastLayer","pos":[940,530],"size":{"0":315,"1":58},"flags":{},"order":12,"mode":0,"inputs":[{"name":"clip","type":"CLIP","link":123}],"outputs":[{"name":"CLIP","type":"CLIP","links":[31,32],"shape":3,"slot_index":0}],"properties":{"Node name for S&R":"CLIPSetLastLayer"},"widgets_values":[-2]},{"id":29,"type":"Reroute","pos":[2460,1130],"size":[75,26],"flags":{},"order":10,"mode":0,"inputs":[{"name":"","type":"*","link":42,"slot_index":0}],"outputs":[{"name":"","type":"VAE","links":[40]}],"properties":{"showOutputText":false,"horizontal":false}},{"id":28,"type":"Reroute","pos":[1790,910],"size":[75,26],"flags":{},"order":8,"mode":0,"inputs":[{"name":"","type":"*","link":134}],"outputs":[{"name":"","type":"LATENT","links":[39],"slot_index":0}],"properties":{"showOutputText":false,"horizontal":false}},{"id":30,"type":"Reroute","pos":[40,1130],"size":[75,26],"flags":{},"order":7,"mode":0,"inputs":[{"name":"","type":"*","link":52}],"outputs":[{"name":"","type":"VAE","links":[42]}],"properties":{"showOutputText":false,"horizontal":false}},{"id":26,"type":"Reroute","pos":[40,-110],"size":[75,26],"flags":{},"order":6,"mode":0,"inputs":[{"name":"","type":"*","link":124}],"outputs":[{"name":"","type":"MODEL","links":[120],"slot_index":0}],"properties":{"showOutputText":false,"horizontal":false}},{"id":11,"type":"PreviewImage","pos":[3000,450],"size":{"0":1160,"1":1120},"flags":{},"order":17,"mode":0,"inputs":[{"name":"images","type":"IMAGE","link":11}],"properties":{"Node name for S&R":"PreviewImage"}},{"id":27,"type":"Reroute","pos":[1780,-110],"size":[75,26],"flags":{},"order":11,"mode":0,"inputs":[{"name":"","type":"*","link":132}],"outputs":[{"name":"","type":"MODEL","links":[36],"slot_index":0}],"properties":{"showOutputText":false,"horizontal":false}},{"id":31,"type":"SDXL Resolutions (JPS)","pos":[870,910],"size":{"0":315,"1":78},"flags":{},"order":0,"mode":0,"outputs":[{"name":"width","type":"INT","links":[44],"shape":3,"slot_index":0},{"name":"height","type":"INT","links":[45],"shape":3,"slot_index":1}],"properties":{"Node name for S&R":"SDXL Resolutions (JPS)"},"widgets_values":["portrait - 896x1152 (3:4)"]},{"id":3,"type":"KSampler","pos":[2220,450],"size":{"0":320,"1":474},"flags":{},"order":15,"mode":0,"inputs":[{"name":"model","type":"MODEL","link":36},{"name":"positive","type":"CONDITIONING","link":4},{"name":"negative","type":"CONDITIONING","link":6},{"name":"latent_image","type":"LATENT","link":39}],"outputs":[{"name":"LATENT","type":"LATENT","links":[7],"slot_index":0}],"properties":{"Node name for S&R":"KSampler"},"widgets_values":[123456791,"fixed",6,1.5,"dpmpp_sde","karras",1]},{"id":7,"type":"CLIPTextEncode","pos":[1330,590],"size":{"0":430,"1":130},"flags":{},"order":14,"mode":0,"inputs":[{"name":"clip","type":"CLIP","link":32}],"outputs":[{"name":"CONDITIONING","type":"CONDITIONING","links":[6],"slot_index":0}],"properties":{"Node name for S&R":"CLIPTextEncode"},"widgets_values":["(mustache:1.3)"],"color":"#322","bgcolor":"#533"},{"id":8,"type":"VAEDecode","pos":[2630,450],"size":{"0":210,"1":46},"flags":{},"order":16,"mode":0,"inputs":[{"name":"samples","type":"LATENT","link":7},{"name":"vae","type":"VAE","link":40,"slot_index":1}],"outputs":[{"name":"IMAGE","type":"IMAGE","links":[11],"slot_index":0}],"properties":{"Node name for S&R":"VAEDecode"}},{"id":84,"type":"LoraLoader","pos":[330,-110],"size":{"0":550,"1":130},"flags":{},"order":9,"mode":0,"inputs":[{"name":"model","type":"MODEL","link":120},{"name":"clip","type":"CLIP","link":122}],"outputs":[{"name":"MODEL","type":"MODEL","links":[132],"shape":3,"slot_index":0},{"name":"CLIP","type":"CLIP","links":[123],"shape":3,"slot_index":1}],"properties":{"Node name for S&R":"LoraLoader"},"widgets_values":["SDXL/Graphic_Portrait.safetensors",1,1]},{"id":6,"type":"CLIPTextEncode","pos":[1330,380],"size":{"0":430,"1":160},"flags":{},"order":13,"mode":0,"inputs":[{"name":"clip","type":"CLIP","link":31,"slot_index":0}],"outputs":[{"name":"CONDITIONING","type":"CONDITIONING","links":[4],"slot_index":0}],"properties":{"Node name for S&R":"CLIPTextEncode"},"widgets_values":["dinosaur head, business attire, portrait, 1960s, propaganda, (pop art:1.2), (drawing:1.2)"],"color":"#232","bgcolor":"#353"},{"id":4,"type":"CheckpointLoaderSimple","pos":[-759,492],"size":{"0":530,"1":110},"flags":{},"order":1,"mode":0,"outputs":[{"name":"MODEL","type":"MODEL","links":[124],"slot_index":0},{"name":"CLIP","type":"CLIP","links":[122],"slot_index":1},{"name":"VAE","type":"VAE","links":[52],"slot_index":2}],"properties":{"Node name for S&R":"CheckpointLoaderSimple"},"widgets_values":["SDXL/lightning/dreamshaperXL_lightningDPMSDE.safetensors"]},{"id":89,"type":"Note","pos":[-813,660],"size":{"0":617.7569580078125,"1":66.29908752441406},"flags":{},"order":2,"mode":0,"properties":{"text":""},"widgets_values":["dreamshaperXL_lightningDPMSDE.safetensors\n\nhttps://civitai.com/api/download/models/354657?type=Model&format=SafeTensor&size=full&fp=fp16"],"color":"#432","bgcolor":"#653"},{"id":87,"type":"Note","pos":[1433,209],"size":{"0":230,"1":120},"flags":{},"order":3,"mode":0,"properties":{"text":""},"widgets_values":["pop surrealism\npop art\ndrawing\npainting"],"color":"#432","bgcolor":"#653"},{"id":90,"type":"Note","pos":[359,73],"size":[506.294626503769,67.34112263003357],"flags":{},"order":4,"mode":0,"properties":{"text":""},"widgets_values":["Graphic_Portrait.safetensors\n\nhttps://civitai.com/api/download/models/191091?type=Model&format=SafeTensor"],"color":"#432","bgcolor":"#653"}],"links":[[4,6,0,3,1,"CONDITIONING"],[6,7,0,3,2,"CONDITIONING"],[7,3,0,8,0,"LATENT"],[11,8,0,11,0,"IMAGE"],[31,10,0,6,0,"CLIP"],[32,10,0,7,0,"CLIP"],[36,27,0,3,0,"MODEL"],[39,28,0,3,3,"LATENT"],[40,29,0,8,1,"VAE"],[42,30,0,29,0,"*"],[44,31,0,5,0,"INT"],[45,31,1,5,1,"INT"],[52,4,2,30,0,"*"],[120,26,0,84,0,"MODEL"],[122,4,1,84,1,"CLIP"],[123,84,1,10,0,"CLIP"],[124,4,0,26,0,"*"],[132,84,0,27,0,"*"],[134,5,0,28,0,"*"]],"groups":[{"title":"CHECKPOINT","bounding":[-860,362,689,421],"color":"#3f789e","font_size":24},{"title":"EMPTY LATENT","bounding":[860,770,1000,280],"color":"#a1309b","font_size":24},{"title":"CONDITIONING","bounding":[860,310,1000,430],"color":"#b58b2a","font_size":24},{"title":"SAMPLER","bounding":[2170,330,720,640],"color":"#b06634","font_size":24},{"title":"LORA","bounding":[240,-240,730,450],"color":"#b39ddb","font_size":24}],"config":{},"extra":{"ds":{"scale":0.620921323059155,"offset":[937.7601857373307,626.9811370322761]},"workspace_info":{"id":"YWPilJGcdGPyL9MwEnHex","saveLock":false,"cloudID":null,"coverMediaPath":null}},"version":0.4}