{"last_node_id":80,"last_link_id":116,"nodes":[{"id":50,"type":"Reroute","pos":[980,2220],"size":[75,26],"flags":{},"order":12,"mode":0,"inputs":[{"name":"","type":"*","link":63}],"outputs":[{"name":"","type":"MODEL","links":[64]}],"properties":{"showOutputText":false,"horizontal":false}},{"id":54,"type":"Reroute","pos":[990,2860],"size":[75,26],"flags":{},"order":14,"mode":0,"inputs":[{"name":"","type":"*","link":67}],"outputs":[{"name":"","type":"VAE","links":[83]}],"properties":{"showOutputText":false,"horizontal":false}},{"id":3,"type":"KSampler","pos":[2370,200],"size":{"0":320,"1":470},"flags":{},"order":30,"mode":0,"inputs":[{"name":"model","type":"MODEL","link":36},{"name":"positive","type":"CONDITIONING","link":4},{"name":"negative","type":"CONDITIONING","link":6},{"name":"latent_image","type":"LATENT","link":112},{"name":"seed","type":"INT","link":76,"widget":{"name":"seed"},"slot_index":4}],"outputs":[{"name":"LATENT","type":"LATENT","links":[7],"slot_index":0}],"properties":{"Node name for S&R":"KSampler"},"widgets_values":[123456789,"fixed",6,1.5,"dpmpp_sde","karras",1]},{"id":29,"type":"Reroute","pos":[2630,710],"size":[75,26],"flags":{},"order":22,"mode":0,"inputs":[{"name":"","type":"*","link":42,"slot_index":0}],"outputs":[{"name":"","type":"VAE","links":[40]}],"properties":{"showOutputText":false,"horizontal":false}},{"id":45,"type":"CLIPTextEncode","pos":[1990,2330],"size":{"0":210,"1":54},"flags":{},"order":18,"mode":0,"inputs":[{"name":"clip","type":"CLIP","link":57,"slot_index":0},{"name":"text","type":"STRING","link":69,"widget":{"name":"text"},"slot_index":1}],"outputs":[{"name":"CONDITIONING","type":"CONDITIONING","links":[54],"slot_index":0}],"properties":{"Node name for S&R":"CLIPTextEncode"},"widgets_values":["A bunny made of bath foam, a bunny (made of soap bubbles:1.2)"]},{"id":7,"type":"CLIPTextEncode","pos":[1990,290],"size":{"0":210,"1":54},"flags":{},"order":28,"mode":0,"inputs":[{"name":"clip","type":"CLIP","link":32},{"name":"text","type":"STRING","link":72,"widget":{"name":"text"}}],"outputs":[{"name":"CONDITIONING","type":"CONDITIONING","links":[6],"slot_index":0}],"properties":{"Node name for S&R":"CLIPTextEncode"},"widgets_values":["drawing, illustration, sketch, painting"]},{"id":6,"type":"CLIPTextEncode","pos":[1990,180],"size":{"0":210,"1":54},"flags":{},"order":27,"mode":0,"inputs":[{"name":"clip","type":"CLIP","link":31,"slot_index":0},{"name":"text","type":"STRING","link":71,"widget":{"name":"text"}}],"outputs":[{"name":"CONDITIONING","type":"CONDITIONING","links":[4],"slot_index":0}],"properties":{"Node name for S&R":"CLIPTextEncode"},"widgets_values":["A bunny made of bath foam, a bunny (made of soap bubbles:1.2)"]},{"id":46,"type":"CLIPTextEncode","pos":[1990,2440],"size":{"0":210,"1":54},"flags":{},"order":19,"mode":0,"inputs":[{"name":"clip","type":"CLIP","link":58},{"name":"text","type":"STRING","link":70,"widget":{"name":"text"},"slot_index":1}],"outputs":[{"name":"CONDITIONING","type":"CONDITIONING","links":[55],"slot_index":0}],"properties":{"Node name for S&R":"CLIPTextEncode"},"widgets_values":["drawing, illustration, sketch, painting"]},{"id":10,"type":"CLIPSetLastLayer","pos":[1440,230],"size":{"0":320,"1":60},"flags":{},"order":25,"mode":0,"inputs":[{"name":"clip","type":"CLIP","link":97},{"name":"stop_at_clip_layer","type":"INT","link":75,"widget":{"name":"stop_at_clip_layer"}}],"outputs":[{"name":"CLIP","type":"CLIP","links":[31,32],"shape":3,"slot_index":0}],"properties":{"Node name for S&R":"CLIPSetLastLayer"},"widgets_values":[-2]},{"id":53,"type":"Reroute","pos":[2640,2860],"size":[75,26],"flags":{},"order":20,"mode":0,"inputs":[{"name":"","type":"*","link":83,"slot_index":0}],"outputs":[{"name":"","type":"VAE","links":[60]}],"properties":{"showOutputText":false,"horizontal":false}},{"id":42,"type":"KSampler","pos":[2370,2360],"size":{"0":320,"1":470},"flags":{},"order":23,"mode":0,"inputs":[{"name":"model","type":"MODEL","link":53},{"name":"positive","type":"CONDITIONING","link":54},{"name":"negative","type":"CONDITIONING","link":55},{"name":"latent_image","type":"LATENT","link":113},{"name":"seed","type":"INT","link":77,"widget":{"name":"seed"}}],"outputs":[{"name":"LATENT","type":"LATENT","links":[59],"slot_index":0}],"properties":{"Node name for S&R":"KSampler"},"widgets_values":[123456789,"fixed",6,1.5,"dpmpp_sde","karras",1]},{"id":51,"type":"Reroute","pos":[2130,2220],"size":[75,26],"flags":{},"order":17,"mode":0,"inputs":[{"name":"","type":"*","link":64}],"outputs":[{"name":"","type":"MODEL","links":[53]}],"properties":{"showOutputText":false,"horizontal":false}},{"id":58,"type":"PrimitiveNode","pos":[860,1290],"size":{"0":210,"1":82},"flags":{},"order":0,"mode":0,"outputs":[{"name":"INT","type":"INT","links":[73,75],"widget":{"name":"stop_at_clip_layer"},"slot_index":0}],"properties":{"Run widget replace on values":false},"widgets_values":[-2,"fixed"]},{"id":26,"type":"Reroute","pos":[460,90],"size":[75,26],"flags":{},"order":15,"mode":0,"inputs":[{"name":"","type":"*","link":33}],"outputs":[{"name":"","type":"MODEL","links":[94],"slot_index":0}],"properties":{"showOutputText":false,"horizontal":false}},{"id":27,"type":"Reroute","pos":[2240,90],"size":[75,26],"flags":{},"order":24,"mode":0,"inputs":[{"name":"","type":"*","link":95}],"outputs":[{"name":"","type":"MODEL","links":[36],"slot_index":0}],"properties":{"showOutputText":false,"horizontal":false}},{"id":57,"type":"PrimitiveNode","pos":[1330,1400],"size":{"0":350,"1":190},"flags":{},"order":1,"mode":0,"outputs":[{"name":"STRING","type":"STRING","links":[70,72],"slot_index":0,"widget":{"name":"text"}}],"title":"Negative Prompt","properties":{"Run widget replace on values":false},"widgets_values":["drawing, illustration, sketch, painting"],"color":"#322","bgcolor":"#533"},{"id":55,"type":"PrimitiveNode","pos":[1330,1140],"size":{"0":340,"1":200},"flags":{},"order":2,"mode":0,"outputs":[{"name":"STRING","type":"STRING","links":[69,71],"slot_index":0,"widget":{"name":"text"}}],"title":"Positive Prompt","properties":{"Run widget replace on values":false},"widgets_values":["A bunny made of bath foam, a bunny (made of soap bubbles:1.2)"],"color":"#232","bgcolor":"#353"},{"id":47,"type":"VAEDecode","pos":[2750,2360],"size":{"0":210,"1":46},"flags":{},"order":26,"mode":0,"inputs":[{"name":"samples","type":"LATENT","link":59},{"name":"vae","type":"VAE","link":60,"slot_index":1}],"outputs":[{"name":"IMAGE","type":"IMAGE","links":[114],"slot_index":0}],"properties":{"Node name for S&R":"VAEDecode"}},{"id":11,"type":"PreviewImage","pos":[3110,450],"size":{"0":1070,"1":1160},"flags":{},"order":35,"mode":0,"inputs":[{"name":"images","type":"IMAGE","link":108}],"properties":{"Node name for S&R":"PreviewImage"}},{"id":48,"type":"CLIPSetLastLayer","pos":[1440,2380],"size":{"0":320,"1":60},"flags":{},"order":13,"mode":0,"inputs":[{"name":"clip","type":"CLIP","link":61},{"name":"stop_at_clip_layer","type":"INT","link":73,"widget":{"name":"stop_at_clip_layer"},"slot_index":1}],"outputs":[{"name":"CLIP","type":"CLIP","links":[57,58],"shape":3,"slot_index":0}],"properties":{"Node name for S&R":"CLIPSetLastLayer"},"widgets_values":[-2]},{"id":30,"type":"Reroute","pos":[460,710],"size":[75,26],"flags":{},"order":16,"mode":0,"inputs":[{"name":"","type":"*","link":116}],"outputs":[{"name":"","type":"VAE","links":[42]}],"properties":{"showOutputText":false,"horizontal":false}},{"id":8,"type":"VAEDecode","pos":[2820,200],"size":{"0":210,"1":46},"flags":{},"order":32,"mode":0,"inputs":[{"name":"samples","type":"LATENT","link":7},{"name":"vae","type":"VAE","link":40,"slot_index":1}],"outputs":[{"name":"IMAGE","type":"IMAGE","links":[90],"slot_index":0}],"properties":{"Node name for S&R":"VAEDecode"}},{"id":66,"type":"Text Overlay","pos":[4200,410],"size":{"0":400,"1":316},"flags":{"collapsed":true},"order":31,"mode":0,"inputs":[{"name":"image","type":"IMAGE","link":115}],"outputs":[{"name":"IMAGE","type":"IMAGE","links":[109],"shape":3,"slot_index":0}],"properties":{"Node name for S&R":"Text Overlay"},"widgets_values":["Dreamshaper XL Lightning",32,"ariblk.ttf","#FFFFFF","#000000",0.2,16,"right","top",0,0]},{"id":75,"type":"Reroute","pos":[4140,2360],"size":[75,26],"flags":{},"order":29,"mode":0,"inputs":[{"name":"","type":"*","link":114}],"outputs":[{"name":"","type":"IMAGE","links":[115],"slot_index":0}],"properties":{"showOutputText":false,"horizontal":false}},{"id":71,"type":"PreviewImage","pos":[4230,460],"size":{"0":1070,"1":1160},"flags":{},"order":33,"mode":0,"inputs":[{"name":"images","type":"IMAGE","link":109}],"properties":{"Node name for S&R":"PreviewImage"}},{"id":72,"type":"EmptyLatentImage","pos":[2030,1780],"size":{"0":210,"1":90},"flags":{},"order":11,"mode":0,"inputs":[{"name":"width","type":"INT","link":110,"widget":{"name":"width"}},{"name":"height","type":"INT","link":111,"widget":{"name":"height"}}],"outputs":[{"name":"LATENT","type":"LATENT","links":[112,113],"shape":3,"slot_index":0}],"properties":{"Node name for S&R":"EmptyLatentImage"},"widgets_values":[512,512,1]},{"id":60,"type":"PrimitiveNode","pos":[2070,1260],"size":{"0":210,"1":82},"flags":{},"order":3,"mode":0,"outputs":[{"name":"INT","type":"INT","links":[76,77],"slot_index":0,"widget":{"name":"seed"}}],"properties":{"Run widget replace on values":false},"widgets_values":[123456789,"fixed"]},{"id":73,"type":"SDXL Resolutions (JPS)","pos":[1380,1780],"size":{"0":315,"1":78},"flags":{},"order":4,"mode":0,"outputs":[{"name":"width","type":"INT","links":[110],"shape":3,"slot_index":0},{"name":"height","type":"INT","links":[111],"shape":3,"slot_index":1}],"properties":{"Node name for S&R":"SDXL Resolutions (JPS)"},"widgets_values":["square - 1024x1024 (1:1)"]},{"id":68,"type":"LoraLoader","pos":[680,90],"size":{"0":550,"1":130},"flags":{},"order":21,"mode":0,"inputs":[{"name":"model","type":"MODEL","link":94},{"name":"clip","type":"CLIP","link":96}],"outputs":[{"name":"MODEL","type":"MODEL","links":[95],"shape":3,"slot_index":0},{"name":"CLIP","type":"CLIP","links":[97],"shape":3,"slot_index":1}],"properties":{"Node name for S&R":"LoraLoader"},"widgets_values":["SDXL/Aether_Bubbles_And_Foam_v1_SDXL_LoRA.safetensors",1,1]},{"id":43,"type":"CheckpointLoaderSimple","pos":[360,2360],"size":{"0":530,"1":110},"flags":{},"order":5,"mode":0,"outputs":[{"name":"MODEL","type":"MODEL","links":[63],"slot_index":0},{"name":"CLIP","type":"CLIP","links":[61],"slot_index":1},{"name":"VAE","type":"VAE","links":[67],"slot_index":2}],"properties":{"Node name for S&R":"CheckpointLoaderSimple"},"widgets_values":["SDXL/lightning/dreamshaperXL_lightningDPMSDE.safetensors"]},{"id":74,"type":"Note","pos":[1344,1038],"size":{"0":317.0079650878906,"1":58},"flags":{},"order":6,"mode":0,"properties":{"text":""},"widgets_values":["<something> made of bath foam\n<something> made of soap bubbles"],"color":"#432","bgcolor":"#653"},{"id":79,"type":"Note","pos":[719,265],"size":{"0":490.8661804199219,"1":74.62577056884766},"flags":{},"order":7,"mode":0,"properties":{"text":""},"widgets_values":["Aether_Bubbles_And_Foam_v1_SDXL_LoRA.safetensors\n\nhttps://civitai.com/api/download/models/191245?type=Model&format=SafeTensor"],"color":"#432","bgcolor":"#653"},{"id":77,"type":"Note","pos":[-215,378],"size":{"0":603.0313720703125,"1":82.36426544189453},"flags":{},"order":8,"mode":0,"properties":{"text":""},"widgets_values":["dreamshaperXL_lightningDPMSDE.safetensors\n\nhttps://civitai.com/api/download/models/354657?type=Model&format=SafeTensor&size=full&fp=fp16"],"color":"#432","bgcolor":"#653"},{"id":4,"type":"CheckpointLoaderSimple","pos":[-175,214],"size":{"0":530,"1":110},"flags":{},"order":9,"mode":0,"outputs":[{"name":"MODEL","type":"MODEL","links":[33],"slot_index":0},{"name":"CLIP","type":"CLIP","links":[96],"slot_index":1},{"name":"VAE","type":"VAE","links":[116],"slot_index":2}],"properties":{"Node name for S&R":"CheckpointLoaderSimple"},"widgets_values":["SDXL/lightning/dreamshaperXL_lightningDPMSDE.safetensors"]},{"id":80,"type":"Note","pos":[303,2517],"size":{"0":603.0313720703125,"1":82.36426544189453},"flags":{},"order":10,"mode":0,"properties":{"text":""},"widgets_values":["dreamshaperXL_lightningDPMSDE.safetensors\n\nhttps://civitai.com/api/download/models/354657?type=Model&format=SafeTensor&size=full&fp=fp16"],"color":"#432","bgcolor":"#653"},{"id":65,"type":"Text Overlay","pos":[3120,410],"size":{"0":400,"1":316},"flags":{"collapsed":true},"order":34,"mode":0,"inputs":[{"name":"image","type":"IMAGE","link":90}],"outputs":[{"name":"IMAGE","type":"IMAGE","links":[108],"shape":3,"slot_index":0}],"properties":{"Node name for S&R":"Text Overlay"},"widgets_values":["Dreamshaper XL Lightning +\nAether Bubbles and Foam LORA",32,"ariblk.ttf","#FFFFFF","#000000",0.2,16,"right","top",0,0]}],"links":[[4,6,0,3,1,"CONDITIONING"],[6,7,0,3,2,"CONDITIONING"],[7,3,0,8,0,"LATENT"],[31,10,0,6,0,"CLIP"],[32,10,0,7,0,"CLIP"],[33,4,0,26,0,"*"],[36,27,0,3,0,"MODEL"],[40,29,0,8,1,"VAE"],[42,30,0,29,0,"*"],[53,51,0,42,0,"MODEL"],[54,45,0,42,1,"CONDITIONING"],[55,46,0,42,2,"CONDITIONING"],[57,48,0,45,0,"CLIP"],[58,48,0,46,0,"CLIP"],[59,42,0,47,0,"LATENT"],[60,53,0,47,1,"VAE"],[61,43,1,48,0,"CLIP"],[63,43,0,50,0,"*"],[64,50,0,51,0,"*"],[67,43,2,54,0,"*"],[69,55,0,45,1,"STRING"],[70,57,0,46,1,"STRING"],[71,55,0,6,1,"STRING"],[72,57,0,7,1,"STRING"],[73,58,0,48,1,"INT"],[75,58,0,10,1,"INT"],[76,60,0,3,4,"INT"],[77,60,0,42,4,"INT"],[83,54,0,53,0,"*"],[90,8,0,65,0,"IMAGE"],[94,26,0,68,0,"MODEL"],[95,68,0,27,0,"*"],[96,4,1,68,1,"CLIP"],[97,68,1,10,0,"CLIP"],[108,65,0,11,0,"IMAGE"],[109,66,0,71,0,"IMAGE"],[110,73,0,72,0,"INT"],[111,73,1,72,1,"INT"],[112,72,0,3,3,"LATENT"],[113,72,0,42,3,"LATENT"],[114,47,0,75,0,"*"],[115,75,0,66,0,"IMAGE"],[116,4,2,30,0,"*"]],"groups":[{"title":"CONDITIONING","bounding":[780,980,1100,660],"color":"#b58b2a","font_size":24},{"title":"SAMPLER SEED","bounding":[1970,1090,458,358],"color":"#b06634","font_size":24},{"title":"EMPTY LATENT","bounding":[1290,1670,1080,230],"color":"#a1309b","font_size":24},{"title":"IMAGE 2","bounding":[220,2120,2880,850],"color":"#3f789e","font_size":24},{"title":"IMAGE 1","bounding":[-250,-110,3300,930],"color":"#3f789e","font_size":24}],"config":{},"extra":{"ds":{"scale":0.38554328942953164,"offset":[697.324514527879,630.7215510101782]},"workspace_info":{"id":"r0FwGACWRR8PI0n1_KR8r","saveLock":false,"cloudID":null,"coverMediaPath":null}},"version":0.4}