{"last_node_id":112,"last_link_id":196,"nodes":[{"id":84,"type":"Text Overlay","pos":[3840,530],"size":{"0":400,"1":316},"flags":{"collapsed":true},"order":24,"mode":0,"inputs":[{"name":"image","type":"IMAGE","link":144}],"outputs":[{"name":"IMAGE","type":"IMAGE","links":[142],"shape":3,"slot_index":0}],"properties":{"Node name for S&R":"Text Overlay"},"widgets_values":["Depth Anything v2",24,"ariblk.ttf","#FFFFFF","#000000",0.2,16,"right","bottom",0,0]},{"id":82,"type":"PreviewImage","pos":[3840,570],"size":{"0":940,"1":770},"flags":{},"order":27,"mode":0,"inputs":[{"name":"images","type":"IMAGE","link":142}],"properties":{"Node name for S&R":"PreviewImage"}},{"id":73,"type":"Reroute","pos":[180,0],"size":[75,26],"flags":{},"order":10,"mode":0,"inputs":[{"name":"","type":"*","link":133}],"outputs":[{"name":"","type":"MODEL","links":[134]}],"properties":{"showOutputText":false,"horizontal":false}},{"id":91,"type":"Reroute","pos":[540,1830],"size":[75,26],"flags":{},"order":13,"mode":0,"inputs":[{"name":"","type":"*","link":187}],"outputs":[{"name":"","type":"IMAGE","links":[148,156],"slot_index":0}],"properties":{"showOutputText":false,"horizontal":false}},{"id":66,"type":"KSampler","pos":[1960,490],"size":{"0":320,"1":474},"flags":{},"order":25,"mode":0,"inputs":[{"name":"model","type":"MODEL","link":123},{"name":"positive","type":"CONDITIONING","link":192},{"name":"negative","type":"CONDITIONING","link":193},{"name":"latent_image","type":"LATENT","link":126}],"outputs":[{"name":"LATENT","type":"LATENT","links":[129],"slot_index":0}],"properties":{"Node name for S&R":"KSampler"},"widgets_values":[123456791,"fixed",12,2.5,"euler_ancestral","normal",1]},{"id":106,"type":"ImageScale","pos":[-120,1830],"size":{"0":320,"1":130},"flags":{},"order":9,"mode":0,"inputs":[{"name":"image","type":"IMAGE","link":184},{"name":"width","type":"INT","link":185,"widget":{"name":"width"},"slot_index":1},{"name":"height","type":"INT","link":186,"widget":{"name":"height"},"slot_index":2}],"outputs":[{"name":"IMAGE","type":"IMAGE","links":[187],"shape":3,"slot_index":0}],"properties":{"Node name for S&R":"ImageScale"},"widgets_values":["bilinear",512,512,"disabled"]},{"id":74,"type":"Reroute","pos":[1640,0],"size":[75,26],"flags":{},"order":14,"mode":0,"inputs":[{"name":"","type":"*","link":134}],"outputs":[{"name":"","type":"MODEL","links":[123]}],"properties":{"showOutputText":false,"horizontal":false}},{"id":78,"type":"Text Overlay","pos":[2630,520],"size":{"0":400,"1":316},"flags":{"collapsed":true},"order":30,"mode":0,"inputs":[{"name":"image","type":"IMAGE","link":176}],"outputs":[{"name":"IMAGE","type":"IMAGE","links":[132],"shape":3,"slot_index":0}],"properties":{"Node name for S&R":"Text Overlay"},"widgets_values":["Text-to-image with\nDepth ControlNet",36,"ariblk.ttf","#FFFFFF","#000000",0.2,16,"right","bottom",0,0]},{"id":72,"type":"PreviewImage","pos":[2630,570],"size":{"0":1180,"1":800},"flags":{},"order":31,"mode":0,"inputs":[{"name":"images","type":"IMAGE","link":132}],"properties":{"Node name for S&R":"PreviewImage"}},{"id":107,"type":"PreviewImage","pos":[870,1840],"size":{"0":300,"1":250},"flags":{},"order":21,"mode":0,"inputs":[{"name":"images","type":"IMAGE","link":188}],"properties":{"Node name for S&R":"PreviewImage"}},{"id":93,"type":"Reroute","pos":[3720,1690],"size":[75,26],"flags":{},"order":20,"mode":0,"inputs":[{"name":"","type":"*","link":155}],"outputs":[{"name":"","type":"IMAGE","links":[144]}],"properties":{"showOutputText":false,"horizontal":false}},{"id":94,"type":"Reroute","pos":[860,2320],"size":[75,26],"flags":{},"order":19,"mode":0,"inputs":[{"name":"","type":"*","link":156}],"outputs":[{"name":"","type":"IMAGE","links":[177],"slot_index":0}],"properties":{"showOutputText":false,"horizontal":false}},{"id":104,"type":"Reroute","pos":[4700,2320],"size":[75,26],"flags":{},"order":23,"mode":0,"inputs":[{"name":"","type":"*","link":177}],"outputs":[{"name":"","type":"IMAGE","links":[178],"slot_index":0}],"properties":{"showOutputText":false,"horizontal":false}},{"id":83,"type":"PreviewImage","pos":[4820,580],"size":{"0":1110,"1":760},"flags":{},"order":29,"mode":0,"inputs":[{"name":"images","type":"IMAGE","link":143}],"properties":{"Node name for S&R":"PreviewImage"}},{"id":85,"type":"Text Overlay","pos":[4830,530],"size":{"0":400,"1":316},"flags":{"collapsed":true},"order":26,"mode":0,"inputs":[{"name":"image","type":"IMAGE","link":178}],"outputs":[{"name":"IMAGE","type":"IMAGE","links":[143],"shape":3,"slot_index":0}],"properties":{"Node name for S&R":"Text Overlay"},"widgets_values":["Original Image",36,"ariblk.ttf","#FFFFFF","#000000",0.2,16,"right","bottom",0,0]},{"id":109,"type":"ControlNetApplyAdvanced","pos":[1430,510],"size":{"0":315,"1":166},"flags":{},"order":22,"mode":0,"inputs":[{"name":"positive","type":"CONDITIONING","link":190},{"name":"negative","type":"CONDITIONING","link":191},{"name":"control_net","type":"CONTROL_NET","link":194},{"name":"image","type":"IMAGE","link":195}],"outputs":[{"name":"positive","type":"CONDITIONING","links":[192],"shape":3,"slot_index":0},{"name":"negative","type":"CONDITIONING","links":[193],"shape":3,"slot_index":1}],"properties":{"Node name for S&R":"ControlNetApplyAdvanced"},"widgets_values":[1,0,1]},{"id":86,"type":"SDXL Resolutions (JPS)","pos":[-640,1100],"size":{"0":350,"1":80},"flags":{},"order":0,"mode":0,"outputs":[{"name":"width","type":"INT","links":[179,185],"shape":3,"slot_index":0},{"name":"height","type":"INT","links":[180,186],"shape":3,"slot_index":1}],"properties":{"Node name for S&R":"SDXL Resolutions (JPS)"},"widgets_values":["landscape - 1216x832 (3:2)"]},{"id":68,"type":"CLIPTextEncode","pos":[450,420],"size":{"0":422.84503173828125,"1":164.31304931640625},"flags":{},"order":15,"mode":0,"inputs":[{"name":"clip","type":"CLIP","link":127,"slot_index":0}],"outputs":[{"name":"CONDITIONING","type":"CONDITIONING","links":[190],"slot_index":0}],"properties":{"Node name for S&R":"CLIPTextEncode"},"widgets_values":["giant robot, big gun, modern shiny glass towers, sunny day, cinematic, film look, realistic, photoreal, photographic"],"color":"#232","bgcolor":"#353"},{"id":69,"type":"CLIPTextEncode","pos":[450,650],"size":{"0":425.27801513671875,"1":180.6060791015625},"flags":{},"order":16,"mode":0,"inputs":[{"name":"clip","type":"CLIP","link":128}],"outputs":[{"name":"CONDITIONING","type":"CONDITIONING","links":[191],"slot_index":0}],"properties":{"Node name for S&R":"CLIPTextEncode"},"widgets_values":["broken, scratched, scuffed, derelict, abandoned, graffiti, vandalised, (illustration:1.3), (drawing:1.3), (painting:1.3), (sketch:1.3)"],"color":"#322","bgcolor":"#533"},{"id":87,"type":"EmptyLatentImage","pos":[1400,1100],"size":{"0":320,"1":110},"flags":{},"order":8,"mode":0,"inputs":[{"name":"width","type":"INT","link":179,"widget":{"name":"width"}},{"name":"height","type":"INT","link":180,"widget":{"name":"height"}}],"outputs":[{"name":"LATENT","type":"LATENT","links":[126],"shape":3,"slot_index":0}],"properties":{"Node name for S&R":"EmptyLatentImage"},"widgets_values":[512,512,1]},{"id":75,"type":"Reroute","pos":[2170,1290],"size":[75,26],"flags":{},"order":17,"mode":0,"inputs":[{"name":"","type":"*","link":135,"slot_index":0}],"outputs":[{"name":"","type":"VAE","links":[130]}],"properties":{"showOutputText":false,"horizontal":false}},{"id":76,"type":"Reroute","pos":[180,1290],"size":[75,26],"flags":{},"order":12,"mode":0,"inputs":[{"name":"","type":"*","link":136}],"outputs":[{"name":"","type":"VAE","links":[135]}],"properties":{"showOutputText":false,"horizontal":false}},{"id":70,"type":"VAEDecode","pos":[2340,490],"size":{"0":140,"1":50},"flags":{},"order":28,"mode":0,"inputs":[{"name":"samples","type":"LATENT","link":129},{"name":"vae","type":"VAE","link":130,"slot_index":1}],"outputs":[{"name":"IMAGE","type":"IMAGE","links":[176],"slot_index":0}],"properties":{"Node name for S&R":"VAEDecode"}},{"id":80,"type":"ControlNetLoader","pos":[970,350],"size":{"0":420,"1":60},"flags":{},"order":1,"mode":0,"outputs":[{"name":"CONTROL_NET","type":"CONTROL_NET","links":[194],"shape":3,"slot_index":0}],"properties":{"Node name for S&R":"ControlNetLoader"},"widgets_values":["control-lora-depth-rank256.safetensors"]},{"id":77,"type":"LoadImage","pos":[-650,1830],"size":{"0":320,"1":314},"flags":{},"order":2,"mode":0,"outputs":[{"name":"IMAGE","type":"IMAGE","links":[184],"shape":3,"slot_index":0},{"name":"MASK","type":"MASK","links":null,"shape":3}],"properties":{"Node name for S&R":"LoadImage"},"widgets_values":["soundwave.jpg","image"]},{"id":88,"type":"DepthAnythingV2Preprocessor","pos":[860,1690],"size":{"0":315,"1":82},"flags":{},"order":18,"mode":0,"inputs":[{"name":"image","type":"IMAGE","link":148}],"outputs":[{"name":"IMAGE","type":"IMAGE","links":[155,188,195],"shape":3,"slot_index":0}],"properties":{"Node name for S&R":"DepthAnythingV2Preprocessor"},"widgets_values":["depth_anything_v2_vitl.pth",512]},{"id":71,"type":"CLIPSetLastLayer","pos":[47,500],"size":{"0":315,"1":58},"flags":{},"order":11,"mode":0,"inputs":[{"name":"clip","type":"CLIP","link":131}],"outputs":[{"name":"CLIP","type":"CLIP","links":[127,128],"shape":3,"slot_index":0}],"properties":{"Node name for S&R":"CLIPSetLastLayer"},"widgets_values":[-2]},{"id":10,"type":"Note","pos":[-721,643],"size":{"0":617.7569580078125,"1":66.29908752441406},"flags":{},"order":3,"mode":0,"properties":{"text":""},"widgets_values":["dreamshaperXL_lightningDPMSDE.safetensors\n\nhttps://civitai.com/api/download/models/354657?type=Model&format=SafeTensor&size=full&fp=fp16"],"color":"#432","bgcolor":"#653"},{"id":67,"type":"CheckpointLoaderSimple","pos":[-704,481],"size":{"0":530,"1":110},"flags":{},"order":4,"mode":0,"outputs":[{"name":"MODEL","type":"MODEL","links":[133],"slot_index":0},{"name":"CLIP","type":"CLIP","links":[131],"slot_index":1},{"name":"VAE","type":"VAE","links":[136],"slot_index":2}],"properties":{"Node name for S&R":"CheckpointLoaderSimple"},"widgets_values":["SDXL/lightning/dreamshaperXL_lightningDPMSDE.safetensors"]},{"id":11,"type":"Note","pos":[1037,179],"size":[277.242058843907,58],"flags":{},"order":5,"mode":0,"properties":{"text":""},"widgets_values":["control-lora-depth-rank256.safetensors"],"color":"#432","bgcolor":"#653"},{"id":111,"type":"Note","pos":[-19,1479],"size":{"0":277.2420654296875,"1":58},"flags":{},"order":6,"mode":0,"properties":{"text":""},"widgets_values":["control-lora-depth-rank256.safetensors"],"color":"#432","bgcolor":"#653"},{"id":112,"type":"Note","pos":[-625,2192],"size":{"0":277.2420654296875,"1":58},"flags":{},"order":7,"mode":0,"properties":{"text":""},"widgets_values":["soundwave.jpg"],"color":"#432","bgcolor":"#653"}],"links":[[123,74,0,66,0,"MODEL"],[126,87,0,66,3,"LATENT"],[127,71,0,68,0,"CLIP"],[128,71,0,69,0,"CLIP"],[129,66,0,70,0,"LATENT"],[130,75,0,70,1,"VAE"],[131,67,1,71,0,"CLIP"],[132,78,0,72,0,"IMAGE"],[133,67,0,73,0,"*"],[134,73,0,74,0,"*"],[135,76,0,75,0,"*"],[136,67,2,76,0,"*"],[142,84,0,82,0,"IMAGE"],[143,85,0,83,0,"IMAGE"],[144,93,0,84,0,"IMAGE"],[148,91,0,88,0,"IMAGE"],[155,88,0,93,0,"*"],[156,91,0,94,0,"*"],[176,70,0,78,0,"IMAGE"],[177,94,0,104,0,"*"],[178,104,0,85,0,"IMAGE"],[179,86,0,87,0,"INT"],[180,86,1,87,1,"INT"],[184,77,0,106,0,"IMAGE"],[185,86,0,106,1,"INT"],[186,86,1,106,2,"INT"],[187,106,0,91,0,"*"],[188,88,0,107,0,"IMAGE"],[190,68,0,109,0,"CONDITIONING"],[191,69,0,109,1,"CONDITIONING"],[192,109,0,66,1,"CONDITIONING"],[193,109,1,66,2,"CONDITIONING"],[194,80,0,109,2,"CONTROL_NET"],[195,88,0,109,3,"IMAGE"]],"groups":[{"title":"CHECKPOINT","bounding":[-740,270,657,491],"color":"#3f789e","font_size":36},{"title":"CONDITIONING","bounding":[30,190,1770,720],"color":"#b58b2a","font_size":36},{"title":"SAMPLER","bounding":[1870,340,640,660],"color":"#b06634","font_size":36},{"title":"INPUT IMAGE","bounding":[-760,1700,1048,590],"color":"#64b5f6","font_size":36},{"title":"CONTROL IMAGE","bounding":[810,1540,420,610],"color":"#8A8","font_size":48},{"title":"OUTPUT IMAGE","bounding":[2550,340,3470,1140],"color":"#3f789e","font_size":36},{"title":"CONTROLNET","bounding":[940,240,850,550],"color":"#8A8","font_size":48},{"title":"EMPTY LATENT","bounding":[1360,970,410,280],"color":"#a1309b","font_size":24}],"config":{},"extra":{"ds":{"scale":0.34183037522892973,"offset":[2082.7034438483633,1072.0680781170256]},"workspace_info":{"id":"LlI-7RP-JO9cFgoIBZ_6h","saveLock":false,"cloudID":null,"coverMediaPath":null}},"version":0.4}