{"last_node_id":74,"last_link_id":135,"nodes":[{"id":26,"type":"Reroute","pos":[90,20],"size":[75,26],"flags":{},"order":8,"mode":0,"inputs":[{"name":"","type":"*","link":33}],"outputs":[{"name":"","type":"MODEL","links":[35],"slot_index":0}],"properties":{"showOutputText":false,"horizontal":false}},{"id":41,"type":"Text Overlay","pos":[2570,580],"size":{"0":400,"1":316},"flags":{"collapsed":true},"order":31,"mode":0,"inputs":[{"name":"image","type":"IMAGE","link":105}],"outputs":[{"name":"IMAGE","type":"IMAGE","links":[60],"shape":3,"slot_index":0}],"properties":{"Node name for S&R":"Text Overlay"},"widgets_values":["Text-to-image with\nCanny ControlNet",48,"ariblk.ttf","#FFFFFF","#000000",0.2,16,"right","top",0,0]},{"id":58,"type":"Reroute","pos":[772.1322274942515,2426.483103695233],"size":[75,26],"flags":{},"order":17,"mode":0,"inputs":[{"name":"","type":"*","link":129}],"outputs":[{"name":"","type":"IMAGE","links":[106],"slot_index":0}],"properties":{"showOutputText":false,"horizontal":false}},{"id":11,"type":"PreviewImage","pos":[2570,630],"size":{"0":910,"1":1360},"flags":{},"order":32,"mode":0,"inputs":[{"name":"images","type":"IMAGE","link":60}],"properties":{"Node name for S&R":"PreviewImage"}},{"id":61,"type":"PreviewImage","pos":[840,1860],"size":{"0":290,"1":260},"flags":{},"order":19,"mode":0,"inputs":[{"name":"images","type":"IMAGE","link":107}],"properties":{"Node name for S&R":"PreviewImage"}},{"id":30,"type":"Reroute","pos":[90,1280],"size":[75,26],"flags":{},"order":10,"mode":0,"inputs":[{"name":"","type":"*","link":43}],"outputs":[{"name":"","type":"VAE","links":[42],"slot_index":0}],"properties":{"showOutputText":false,"horizontal":false}},{"id":29,"type":"Reroute","pos":[2130,1280],"size":[75,26],"flags":{},"order":15,"mode":0,"inputs":[{"name":"","type":"*","link":42,"slot_index":0}],"outputs":[{"name":"","type":"VAE","links":[40]}],"properties":{"showOutputText":false,"horizontal":false}},{"id":59,"type":"Reroute","pos":[4330,2430],"size":[75,26],"flags":{},"order":21,"mode":0,"inputs":[{"name":"","type":"*","link":106}],"outputs":[{"name":"","type":"IMAGE","links":[102],"slot_index":0}],"properties":{"showOutputText":false,"horizontal":false}},{"id":57,"type":"Reroute","pos":[3420,2190],"size":[75,26],"flags":{},"order":25,"mode":0,"inputs":[{"name":"","type":"*","link":104}],"outputs":[{"name":"","type":"IMAGE","links":[95],"slot_index":0}],"properties":{"showOutputText":false,"horizontal":false}},{"id":63,"type":"ControlNetApplyAdvanced","pos":[1380,570],"size":{"0":315,"1":166},"flags":{},"order":23,"mode":0,"inputs":[{"name":"positive","type":"CONDITIONING","link":111},{"name":"negative","type":"CONDITIONING","link":112},{"name":"control_net","type":"CONTROL_NET","link":113},{"name":"image","type":"IMAGE","link":135}],"outputs":[{"name":"positive","type":"CONDITIONING","links":[119],"shape":3,"slot_index":0},{"name":"negative","type":"CONDITIONING","links":[120],"shape":3,"slot_index":1}],"properties":{"Node name for S&R":"ControlNetApplyAdvanced"},"widgets_values":[0.8,0,1]},{"id":6,"type":"CLIPTextEncode","pos":[530,480],"size":{"0":422.84503173828125,"1":164.31304931640625},"flags":{},"order":13,"mode":0,"inputs":[{"name":"clip","type":"CLIP","link":31,"slot_index":0}],"outputs":[{"name":"CONDITIONING","type":"CONDITIONING","links":[111],"slot_index":0}],"properties":{"Node name for S&R":"CLIPTextEncode"},"widgets_values":["portrait, woman, round glasses, classroom, propaganda, 1940s, illustration, drawing, print"],"color":"#232","bgcolor":"#353"},{"id":10,"type":"CLIPSetLastLayer","pos":[130,590],"size":{"0":315,"1":58},"flags":{},"order":9,"mode":0,"inputs":[{"name":"clip","type":"CLIP","link":10}],"outputs":[{"name":"CLIP","type":"CLIP","links":[31,32],"shape":3,"slot_index":0}],"properties":{"Node name for S&R":"CLIPSetLastLayer"},"widgets_values":[-2]},{"id":7,"type":"CLIPTextEncode","pos":[530,700],"size":{"0":425.27801513671875,"1":180.6060791015625},"flags":{},"order":14,"mode":0,"inputs":[{"name":"clip","type":"CLIP","link":32}],"outputs":[{"name":"CONDITIONING","type":"CONDITIONING","links":[112],"slot_index":0}],"properties":{"Node name for S&R":"CLIPTextEncode"},"widgets_values":[""],"color":"#322","bgcolor":"#533"},{"id":60,"type":"Reroute","pos":[1380,2190],"size":[75,26],"flags":{},"order":22,"mode":0,"inputs":[{"name":"","type":"*","link":109}],"outputs":[{"name":"","type":"IMAGE","links":[104],"slot_index":0}],"properties":{"showOutputText":false,"horizontal":false}},{"id":55,"type":"EmptyLatentImage","pos":[1410,1100],"size":{"0":320,"1":110},"flags":{},"order":7,"mode":0,"inputs":[{"name":"width","type":"INT","link":98,"widget":{"name":"width"}},{"name":"height","type":"INT","link":99,"widget":{"name":"height"}}],"outputs":[{"name":"LATENT","type":"LATENT","links":[91],"shape":3,"slot_index":0}],"properties":{"Node name for S&R":"EmptyLatentImage"},"widgets_values":[512,512,1]},{"id":27,"type":"Reroute","pos":[1660,20],"size":[75,26],"flags":{},"order":12,"mode":0,"inputs":[{"name":"","type":"*","link":35}],"outputs":[{"name":"","type":"MODEL","links":[36],"slot_index":0}],"properties":{"showOutputText":false,"horizontal":false}},{"id":51,"type":"Text Overlay","pos":[3520,580],"size":{"0":400,"1":316},"flags":{"collapsed":true},"order":28,"mode":0,"inputs":[{"name":"image","type":"IMAGE","link":95}],"outputs":[{"name":"IMAGE","type":"IMAGE","links":[123],"shape":3,"slot_index":0}],"properties":{"Node name for S&R":"Text Overlay"},"widgets_values":["Canny Edge Detection",48,"ariblk.ttf","#FFFFFF","#000000",0.2,16,"right","top",0,0]},{"id":52,"type":"Text Overlay","pos":[4460,580],"size":{"0":400,"1":316},"flags":{"collapsed":true},"order":24,"mode":0,"inputs":[{"name":"image","type":"IMAGE","link":102}],"outputs":[{"name":"IMAGE","type":"IMAGE","links":[124],"shape":3,"slot_index":0}],"properties":{"Node name for S&R":"Text Overlay"},"widgets_values":["Original Image",48,"ariblk.ttf","#FFFFFF","#000000",0.2,16,"right","top",0,0]},{"id":8,"type":"VAEDecode","pos":[2260,550],"size":{"0":210,"1":46},"flags":{},"order":29,"mode":0,"inputs":[{"name":"samples","type":"LATENT","link":7},{"name":"vae","type":"VAE","link":40,"slot_index":1}],"outputs":[{"name":"IMAGE","type":"IMAGE","links":[105],"slot_index":0}],"properties":{"Node name for S&R":"VAEDecode"}},{"id":65,"type":"PreviewImage","pos":[3520,620],"size":{"0":860,"1":1430},"flags":{},"order":30,"mode":0,"inputs":[{"name":"images","type":"IMAGE","link":123}],"properties":{"Node name for S&R":"PreviewImage"}},{"id":66,"type":"PreviewImage","pos":[4450,620],"size":{"0":900,"1":1400},"flags":{},"order":27,"mode":0,"inputs":[{"name":"images","type":"IMAGE","link":124}],"properties":{"Node name for S&R":"PreviewImage"}},{"id":3,"type":"KSampler","pos":[1890,550],"size":{"0":320,"1":474},"flags":{},"order":26,"mode":0,"inputs":[{"name":"model","type":"MODEL","link":36},{"name":"positive","type":"CONDITIONING","link":119},{"name":"negative","type":"CONDITIONING","link":120},{"name":"latent_image","type":"LATENT","link":91}],"outputs":[{"name":"LATENT","type":"LATENT","links":[7],"slot_index":0}],"properties":{"Node name for S&R":"KSampler"},"widgets_values":[123456790,"fixed",8,1.5,"dpmpp_sde","karras",1]},{"id":54,"type":"SDXL Resolutions (JPS)","pos":[-480,1100],"size":{"0":315,"1":78},"flags":{},"order":0,"mode":0,"outputs":[{"name":"width","type":"INT","links":[98,126],"shape":3,"slot_index":0},{"name":"height","type":"INT","links":[99,127],"shape":3,"slot_index":1}],"properties":{"Node name for S&R":"SDXL Resolutions (JPS)"},"widgets_values":["portrait - 832x1216 (2:3)"]},{"id":69,"type":"PreviewImage","pos":[70,2200],"size":{"0":290,"1":260},"flags":{},"order":18,"mode":0,"inputs":[{"name":"images","type":"IMAGE","link":130}],"properties":{"Node name for S&R":"PreviewImage"}},{"id":68,"type":"Prepare Image Plus (JPS)","pos":[50,1730],"size":{"0":320,"1":420},"flags":{},"order":11,"mode":0,"inputs":[{"name":"image","type":"IMAGE","link":125},{"name":"target_w","type":"INT","link":126,"widget":{"name":"target_w"}},{"name":"target_h","type":"INT","link":127,"widget":{"name":"target_h"}}],"outputs":[{"name":"IMAGE","type":"IMAGE","links":[128,129,130],"shape":3,"slot_index":0}],"properties":{"Node name for S&R":"Prepare Image Plus (JPS)"},"widgets_values":[1024,1024,0,0,0,0,0,0,0,0,0,0,"bicubic",0,"Crop","No"]},{"id":62,"type":"Reroute","pos":[1250,1730],"size":[75,26],"flags":{},"order":20,"mode":0,"inputs":[{"name":"","type":"*","link":121}],"outputs":[{"name":"","type":"IMAGE","links":[109,135],"slot_index":0}],"properties":{"showOutputText":false,"horizontal":false}},{"id":43,"type":"ControlNetLoader","pos":[960,410],"size":{"0":400,"1":60},"flags":{},"order":1,"mode":0,"outputs":[{"name":"CONTROL_NET","type":"CONTROL_NET","links":[113],"shape":3,"slot_index":0}],"properties":{"Node name for S&R":"ControlNetLoader"},"widgets_values":["control-lora-canny-rank256.safetensors"]},{"id":44,"type":"Canny","pos":[830,1730],"size":{"0":315,"1":82},"flags":{},"order":16,"mode":0,"inputs":[{"name":"image","type":"IMAGE","link":128}],"outputs":[{"name":"IMAGE","type":"IMAGE","links":[107,121],"shape":3,"slot_index":0}],"properties":{"Node name for S&R":"Canny"},"widgets_values":[0.18,0.99]},{"id":4,"type":"CheckpointLoaderSimple","pos":[-570,570],"size":{"0":530,"1":110},"flags":{},"order":2,"mode":0,"outputs":[{"name":"MODEL","type":"MODEL","links":[33],"slot_index":0},{"name":"CLIP","type":"CLIP","links":[10],"slot_index":1},{"name":"VAE","type":"VAE","links":[43],"slot_index":2}],"properties":{"Node name for S&R":"CheckpointLoaderSimple"},"widgets_values":["SDXL/lightning/dreamshaperXL_lightningDPMSDE.safetensors"]},{"id":31,"type":"LoadImage","pos":[-490,1730],"size":{"0":360,"1":420},"flags":{},"order":3,"mode":0,"outputs":[{"name":"IMAGE","type":"IMAGE","links":[125],"shape":3,"slot_index":0},{"name":"MASK","type":"MASK","links":null,"shape":3}],"properties":{"Node name for S&R":"LoadImage"},"widgets_values":["glasses_woman.jpg","image"]},{"id":72,"type":"Note","pos":[-619,723],"size":{"0":617.7569580078125,"1":66.29908752441406},"flags":{},"order":4,"mode":0,"properties":{"text":""},"widgets_values":["dreamshaperXL_lightningDPMSDE.safetensors\n\nhttps://civitai.com/api/download/models/354657?type=Model&format=SafeTensor&size=full&fp=fp16"],"color":"#432","bgcolor":"#653"},{"id":73,"type":"Note","pos":[1023,254],"size":[278.8383975808458,59.699584330180585],"flags":{},"order":5,"mode":0,"properties":{"text":""},"widgets_values":["control-lora-canny-rank256.safetensors"],"color":"#432","bgcolor":"#653"},{"id":74,"type":"Note","pos":[-414,2194],"size":[210,58.83560669576673],"flags":{},"order":6,"mode":0,"properties":{"text":""},"widgets_values":["glasses_woman.jpg"],"color":"#432","bgcolor":"#653"}],"links":[[7,3,0,8,0,"LATENT"],[10,4,1,10,0,"CLIP"],[31,10,0,6,0,"CLIP"],[32,10,0,7,0,"CLIP"],[33,4,0,26,0,"*"],[35,26,0,27,0,"*"],[36,27,0,3,0,"MODEL"],[40,29,0,8,1,"VAE"],[42,30,0,29,0,"*"],[43,4,2,30,0,"*"],[60,41,0,11,0,"IMAGE"],[91,55,0,3,3,"LATENT"],[95,57,0,51,0,"IMAGE"],[98,54,0,55,0,"INT"],[99,54,1,55,1,"INT"],[102,59,0,52,0,"IMAGE"],[104,60,0,57,0,"*"],[105,8,0,41,0,"IMAGE"],[106,58,0,59,0,"*"],[107,44,0,61,0,"IMAGE"],[109,62,0,60,0,"*"],[111,6,0,63,0,"CONDITIONING"],[112,7,0,63,1,"CONDITIONING"],[113,43,0,63,2,"CONTROL_NET"],[119,63,0,3,1,"CONDITIONING"],[120,63,1,3,2,"CONDITIONING"],[121,44,0,62,0,"*"],[123,51,0,65,0,"IMAGE"],[124,52,0,66,0,"IMAGE"],[125,31,0,68,0,"IMAGE"],[126,54,0,68,1,"INT"],[127,54,1,68,2,"INT"],[128,68,0,44,0,"IMAGE"],[129,68,0,58,0,"*"],[130,68,0,69,0,"IMAGE"],[135,62,0,63,3,"IMAGE"]],"groups":[{"title":"CHECKPOINT","bounding":[-640,360,650,450],"color":"#3f789e","font_size":24},{"title":"CONDITIONING","bounding":[110,190,1670,720],"color":"#b58b2a","font_size":24},{"title":"SAMPLER","bounding":[1870,340,630,870],"color":"#b06634","font_size":24},{"title":"IMAGE","bounding":[-550,1540,1020,970],"color":"#64b5f6","font_size":24},{"title":"CONTROL IMAGE","bounding":[730,1540,510,680],"color":"#8A8","font_size":24},{"title":"OUTPUT","bounding":[2530,340,2880,1780],"color":"#3f789e","font_size":24},{"title":"CONTROLNET","bounding":[980,330,790,430],"color":"#8A8","font_size":24},{"title":"EMPTY LATENT","bounding":[1390,970,390,280],"color":"#a1309b","font_size":24}],"config":{},"extra":{"ds":{"scale":1.7277714741026038,"offset":[956.0288900898761,-1644.2931554013148]},"workspace_info":{"id":"JF8kOH4iNVig0Byyl697m","saveLock":false,"cloudID":null,"coverMediaPath":null}},"version":0.4}