{"last_node_id":60,"last_link_id":94,"nodes":[{"id":26,"type":"Reroute","pos":[950,200],"size":[75,26],"flags":{},"order":5,"mode":0,"inputs":[{"name":"","type":"*","link":33}],"outputs":[{"name":"","type":"MODEL","links":[35],"slot_index":0}],"properties":{"showOutputText":false,"horizontal":false}},{"id":27,"type":"Reroute","pos":[1790,200],"size":[75,26],"flags":{},"order":9,"mode":0,"inputs":[{"name":"","type":"*","link":35}],"outputs":[{"name":"","type":"MODEL","links":[36],"slot_index":0}],"properties":{"showOutputText":false,"horizontal":false}},{"id":30,"type":"Reroute","pos":[950,1050],"size":[75,26],"flags":{},"order":7,"mode":0,"inputs":[{"name":"","type":"*","link":43}],"outputs":[{"name":"","type":"VAE","links":[42,51],"slot_index":0}],"properties":{"showOutputText":false,"horizontal":false}},{"id":29,"type":"Reroute","pos":[2230,1050],"size":[75,26],"flags":{},"order":12,"mode":0,"inputs":[{"name":"","type":"*","link":42,"slot_index":0}],"outputs":[{"name":"","type":"VAE","links":[40]}],"properties":{"showOutputText":false,"horizontal":false}},{"id":40,"type":"Text Overlay","pos":[3610,500],"size":{"0":400,"1":316},"flags":{"collapsed":true},"order":20,"mode":0,"inputs":[{"name":"image","type":"IMAGE","link":64}],"outputs":[{"name":"IMAGE","type":"IMAGE","links":[62],"shape":3,"slot_index":0}],"properties":{"Node name for S&R":"Text Overlay"},"widgets_values":["Original Image",64,"ariblk.ttf","#FFFFFF","#000000",0.2,16,"center","bottom",0,0]},{"id":41,"type":"Text Overlay","pos":[2690,500],"size":{"0":400,"1":316},"flags":{"collapsed":true},"order":23,"mode":0,"inputs":[{"name":"image","type":"IMAGE","link":59}],"outputs":[{"name":"IMAGE","type":"IMAGE","links":[60],"shape":3,"slot_index":0}],"properties":{"Node name for S&R":"Text Overlay"},"widgets_values":["img2img",64,"ariblk.ttf","#FFFFFF","#000000",0.2,16,"center","bottom",0,0]},{"id":11,"type":"PreviewImage","pos":[2680,550],"size":{"0":900,"1":1300},"flags":{},"order":24,"mode":0,"inputs":[{"name":"images","type":"IMAGE","link":60}],"properties":{"Node name for S&R":"PreviewImage"}},{"id":33,"type":"PreviewImage","pos":[3610,540],"size":{"0":880,"1":1300},"flags":{},"order":22,"mode":0,"inputs":[{"name":"images","type":"IMAGE","link":62}],"properties":{"Node name for S&R":"PreviewImage"}},{"id":46,"type":"Reroute","pos":[1100,1380],"size":[75,26],"flags":{},"order":14,"mode":0,"inputs":[{"name":"","type":"*","link":90}],"outputs":[{"name":"","type":"IMAGE","links":[76,77],"slot_index":0}],"properties":{"showOutputText":false,"horizontal":false}},{"id":36,"type":"VAEEncode","pos":[1420,970],"size":{"0":210,"1":46},"flags":{},"order":15,"mode":0,"inputs":[{"name":"pixels","type":"IMAGE","link":76},{"name":"vae","type":"VAE","link":51}],"outputs":[{"name":"LATENT","type":"LATENT","links":[81],"shape":3,"slot_index":0}],"properties":{"Node name for S&R":"VAEEncode"}},{"id":42,"type":"Reroute","pos":[3520,1900],"size":[75,26],"flags":{},"order":18,"mode":0,"inputs":[{"name":"","type":"*","link":67}],"outputs":[{"name":"","type":"IMAGE","links":[64],"slot_index":0}],"properties":{"showOutputText":false,"horizontal":false}},{"id":43,"type":"Reroute","pos":[1420,1900],"size":[75,26],"flags":{},"order":16,"mode":0,"inputs":[{"name":"","type":"*","link":77}],"outputs":[{"name":"","type":"IMAGE","links":[67],"slot_index":0}],"properties":{"showOutputText":false,"horizontal":false}},{"id":10,"type":"CLIPSetLastLayer","pos":[850,530],"size":{"0":315,"1":58},"flags":{},"order":6,"mode":0,"inputs":[{"name":"clip","type":"CLIP","link":10}],"outputs":[{"name":"CLIP","type":"CLIP","links":[31,32],"shape":3,"slot_index":0}],"properties":{"Node name for S&R":"CLIPSetLastLayer"},"widgets_values":[-2]},{"id":7,"type":"CLIPTextEncode","pos":[1290,630],"size":{"0":425.27801513671875,"1":180.6060791015625},"flags":{},"order":11,"mode":0,"inputs":[{"name":"clip","type":"CLIP","link":32}],"outputs":[{"name":"CONDITIONING","type":"CONDITIONING","links":[6],"slot_index":0}],"properties":{"Node name for S&R":"CLIPTextEncode"},"widgets_values":["shirt collar, drawing, illustration, sketch, painting"],"color":"#322","bgcolor":"#533"},{"id":6,"type":"CLIPTextEncode","pos":[1290,400],"size":{"0":422.84503173828125,"1":164.31304931640625},"flags":{},"order":10,"mode":0,"inputs":[{"name":"clip","type":"CLIP","link":31,"slot_index":0}],"outputs":[{"name":"CONDITIONING","type":"CONDITIONING","links":[4],"slot_index":0}],"properties":{"Node name for S&R":"CLIPTextEncode"},"widgets_values":["(muppet:1.3), puppet, toy, afro hair, felt skin, striped t-shirt, drinking juice, jar, straw, cloudy day, defocused background"],"color":"#232","bgcolor":"#353"},{"id":8,"type":"VAEDecode","pos":[2340,470],"size":{"0":210,"1":46},"flags":{},"order":21,"mode":0,"inputs":[{"name":"samples","type":"LATENT","link":7},{"name":"vae","type":"VAE","link":40,"slot_index":1}],"outputs":[{"name":"IMAGE","type":"IMAGE","links":[59],"slot_index":0}],"properties":{"Node name for S&R":"VAEDecode"}},{"id":51,"type":"Prepare Image Plus (JPS)","pos":[640,1380],"size":{"0":320,"1":420},"flags":{},"order":8,"mode":0,"inputs":[{"name":"image","type":"IMAGE","link":88,"slot_index":0},{"name":"target_w","type":"INT","link":85,"widget":{"name":"target_w"}},{"name":"target_h","type":"INT","link":86,"widget":{"name":"target_h"}}],"outputs":[{"name":"IMAGE","type":"IMAGE","links":[87,90],"shape":3,"slot_index":0}],"properties":{"Node name for S&R":"Prepare Image Plus (JPS)"},"widgets_values":[1024,1024,0,0,0,0,0,0,0,0,0,0,"bilinear",0,"Crop","No"]},{"id":52,"type":"PreviewImage","pos":[650,1840],"size":{"0":310,"1":250},"flags":{},"order":13,"mode":0,"inputs":[{"name":"images","type":"IMAGE","link":87}],"properties":{"Node name for S&R":"PreviewImage"}},{"id":31,"type":"LoadImage","pos":[-130,1380],"size":{"0":320,"1":314},"flags":{},"order":0,"mode":0,"outputs":[{"name":"IMAGE","type":"IMAGE","links":[88],"shape":3,"slot_index":0},{"name":"MASK","type":"MASK","links":null,"shape":3}],"properties":{"Node name for S&R":"LoadImage"},"widgets_values":["curly_hair_woman.jpg","image"]},{"id":4,"type":"CheckpointLoaderSimple","pos":[10,510],"size":{"0":530,"1":110},"flags":{},"order":1,"mode":0,"outputs":[{"name":"MODEL","type":"MODEL","links":[33],"slot_index":0},{"name":"CLIP","type":"CLIP","links":[10],"slot_index":1},{"name":"VAE","type":"VAE","links":[43],"slot_index":2}],"properties":{"Node name for S&R":"CheckpointLoaderSimple"},"widgets_values":["SDXL/lightning/juggernautXL_v9Rdphoto2Lightning.safetensors"]},{"id":45,"type":"SDXL Resolutions (JPS)","pos":[270,1480],"size":{"0":315,"1":78},"flags":{},"order":2,"mode":0,"outputs":[{"name":"width","type":"INT","links":[85],"shape":3,"slot_index":0},{"name":"height","type":"INT","links":[86],"shape":3,"slot_index":1}],"properties":{"Node name for S&R":"SDXL Resolutions (JPS)"},"widgets_values":["portrait - 832x1216 (2:3)"]},{"id":28,"type":"Reroute","pos":[1790,970],"size":[75,26],"flags":{},"order":17,"mode":0,"inputs":[{"name":"","type":"*","link":81}],"outputs":[{"name":"","type":"LATENT","links":[94],"slot_index":0}],"properties":{"showOutputText":false,"horizontal":false}},{"id":3,"type":"KSampler","pos":[1920,470],"size":{"0":320,"1":474},"flags":{},"order":19,"mode":0,"inputs":[{"name":"model","type":"MODEL","link":36},{"name":"positive","type":"CONDITIONING","link":4},{"name":"negative","type":"CONDITIONING","link":6},{"name":"latent_image","type":"LATENT","link":94}],"outputs":[{"name":"LATENT","type":"LATENT","links":[7],"slot_index":0}],"properties":{"Node name for S&R":"KSampler"},"widgets_values":[123456789,"fixed",8,1.5,"dpmpp_sde","normal",0.77]},{"id":59,"type":"Note","pos":[-16,679],"size":{"0":611.4871826171875,"1":67.44450378417969},"flags":{},"order":3,"mode":0,"properties":{"text":""},"widgets_values":["juggernautXL_v9Rdphoto2Lightning.safetensors\n\nhttps://civitai.com/api/download/models/357609?type=Model&format=SafeTensor&size=full&fp=fp16"],"color":"#432","bgcolor":"#653"},{"id":60,"type":"Note","pos":[-86,1744],"size":[210,62.749560648350325],"flags":{},"order":4,"mode":0,"properties":{"text":""},"widgets_values":["curly_hair_woman.jpg"],"color":"#432","bgcolor":"#653"}],"links":[[4,6,0,3,1,"CONDITIONING"],[6,7,0,3,2,"CONDITIONING"],[7,3,0,8,0,"LATENT"],[10,4,1,10,0,"CLIP"],[31,10,0,6,0,"CLIP"],[32,10,0,7,0,"CLIP"],[33,4,0,26,0,"*"],[35,26,0,27,0,"*"],[36,27,0,3,0,"MODEL"],[40,29,0,8,1,"VAE"],[42,30,0,29,0,"*"],[43,4,2,30,0,"*"],[51,30,0,36,1,"VAE"],[59,8,0,41,0,"IMAGE"],[60,41,0,11,0,"IMAGE"],[62,40,0,33,0,"IMAGE"],[64,42,0,40,0,"IMAGE"],[67,43,0,42,0,"*"],[76,46,0,36,0,"IMAGE"],[77,46,0,43,0,"*"],[81,36,0,28,0,"*"],[85,45,0,51,1,"INT"],[86,45,1,51,2,"INT"],[87,51,0,52,0,"IMAGE"],[88,31,0,51,0,"IMAGE"],[90,51,0,46,0,"*"],[94,28,0,3,3,"LATENT"]],"groups":[{"title":"CHECKPOINT","bounding":[-40,380,676,396],"color":"#3f789e","font_size":24},{"title":"CONDITIONING","bounding":[780,280,1070,570],"color":"#b58b2a","font_size":24},{"title":"LATENT FROM IMAGE","bounding":[1100,860,640,260],"color":"#a1309b","font_size":24},{"title":"SAMPLER","bounding":[1900,270,700,890],"color":"#b06634","font_size":24},{"title":"IMAGE","bounding":[-280,1160,1320,970],"color":"#64b5f6","font_size":24}],"config":{},"extra":{"ds":{"scale":0.6368441852961434,"offset":[592.6651208230193,-173.13427374158957]},"workspace_info":{"id":"d2_LwYW2eCtUnYZAaAXvR","saveLock":false,"cloudID":null,"coverMediaPath":null}},"version":0.4}