{"last_node_id":53,"last_link_id":84,"nodes":[{"id":10,"type":"CLIPSetLastLayer","pos":[930,530],"size":{"0":315,"1":58},"flags":{},"order":7,"mode":0,"inputs":[{"name":"clip","type":"CLIP","link":68}],"outputs":[{"name":"CLIP","type":"CLIP","links":[31,32],"shape":3,"slot_index":0}],"properties":{"Node name for S&R":"CLIPSetLastLayer"},"widgets_values":[-2]},{"id":27,"type":"Reroute","pos":[1790,200],"size":[75,26],"flags":{},"order":11,"mode":0,"inputs":[{"name":"","type":"*","link":67}],"outputs":[{"name":"","type":"MODEL","links":[36],"slot_index":0}],"properties":{"showOutputText":false,"horizontal":false}},{"id":26,"type":"Reroute","pos":[950,200],"size":[75,26],"flags":{},"order":6,"mode":0,"inputs":[{"name":"","type":"*","link":33}],"outputs":[{"name":"","type":"MODEL","links":[67],"slot_index":0}],"properties":{"showOutputText":false,"horizontal":false}},{"id":7,"type":"CLIPTextEncode","pos":[1400,600],"size":{"0":425.27801513671875,"1":180.6060791015625},"flags":{},"order":13,"mode":0,"inputs":[{"name":"clip","type":"CLIP","link":32}],"outputs":[{"name":"CONDITIONING","type":"CONDITIONING","links":[6],"slot_index":0}],"properties":{"Node name for S&R":"CLIPTextEncode"},"widgets_values":["(scuffs:1.3), (scratches:1.3), (dirty:1.3), (broken:1.3), (teeth:1.5), (painting:1.3), (drawing:1.3), (illustration:1.3), (sketch:1.3)"],"color":"#322","bgcolor":"#533"},{"id":6,"type":"CLIPTextEncode","pos":[1400,380],"size":{"0":422.84503173828125,"1":164.31304931640625},"flags":{},"order":12,"mode":0,"inputs":[{"name":"clip","type":"CLIP","link":31,"slot_index":0}],"outputs":[{"name":"CONDITIONING","type":"CONDITIONING","links":[4],"slot_index":0}],"properties":{"Node name for S&R":"CLIPTextEncode"},"widgets_values":["sleek robot, transformer, optimus prime, red glowing eyes, bright eyes, shiny metal, (glass chest:1.3), big futuristic gun, (futuristic street background:1.3), (bright neon signs:1.2), dark night, rainy, wet pavement, concrete ground, cinematic, realistic, film look, teal and red lighting"],"color":"#232","bgcolor":"#353"},{"id":30,"type":"Reroute","pos":[950,990],"size":[75,26],"flags":{},"order":8,"mode":0,"inputs":[{"name":"","type":"*","link":43}],"outputs":[{"name":"","type":"VAE","links":[42,51],"slot_index":0}],"properties":{"showOutputText":false,"horizontal":false}},{"id":29,"type":"Reroute","pos":[2370,990],"size":[75,26],"flags":{},"order":14,"mode":0,"inputs":[{"name":"","type":"*","link":42,"slot_index":0}],"outputs":[{"name":"","type":"VAE","links":[40]}],"properties":{"showOutputText":false,"horizontal":false}},{"id":36,"type":"VAEEncode","pos":[1470,920],"size":{"0":210,"1":46},"flags":{},"order":15,"mode":0,"inputs":[{"name":"pixels","type":"IMAGE","link":80},{"name":"vae","type":"VAE","link":51}],"outputs":[{"name":"LATENT","type":"LATENT","links":[49],"shape":3,"slot_index":0}],"properties":{"Node name for S&R":"VAEEncode"}},{"id":11,"type":"PreviewImage","pos":[2800,510],"size":{"0":900,"1":1300},"flags":{},"order":23,"mode":0,"inputs":[{"name":"images","type":"IMAGE","link":60}],"properties":{"Node name for S&R":"PreviewImage"}},{"id":45,"type":"PreviewImage","pos":[3770,500],"size":{"0":950,"1":1310},"flags":{},"order":20,"mode":0,"inputs":[{"name":"images","type":"IMAGE","link":72}],"properties":{"Node name for S&R":"PreviewImage"}},{"id":41,"type":"Text Overlay","pos":[2810,470],"size":{"0":400,"1":316},"flags":{"collapsed":true},"order":22,"mode":0,"inputs":[{"name":"image","type":"IMAGE","link":59}],"outputs":[{"name":"IMAGE","type":"IMAGE","links":[60],"shape":3,"slot_index":0}],"properties":{"Node name for S&R":"Text Overlay"},"widgets_values":["img2img\nText to Image +\nLatent from image",32,"ariblk.ttf","#FFFFFF","#000000",0.2,16,"right","top",0,0]},{"id":40,"type":"Text Overlay","pos":[3770,460],"size":{"0":400,"1":316},"flags":{"collapsed":true},"order":18,"mode":0,"inputs":[{"name":"image","type":"IMAGE","link":71}],"outputs":[{"name":"IMAGE","type":"IMAGE","links":[72],"shape":3,"slot_index":0}],"properties":{"Node name for S&R":"Text Overlay"},"widgets_values":["Original Image",32,"ariblk.ttf","#FFFFFF","#000000",0.2,16,"right","top",0,0]},{"id":44,"type":"Reroute","pos":[3650,1840],"size":[75,26],"flags":{},"order":16,"mode":0,"inputs":[{"name":"","type":"*","link":70}],"outputs":[{"name":"","type":"IMAGE","links":[71],"slot_index":0}],"properties":{"showOutputText":false,"horizontal":false}},{"id":43,"type":"Reroute","pos":[1470,1840],"size":[75,26],"flags":{},"order":9,"mode":0,"inputs":[{"name":"","type":"*","link":81}],"outputs":[{"name":"","type":"IMAGE","links":[70],"slot_index":0}],"properties":{"showOutputText":false,"horizontal":false}},{"id":28,"type":"Reroute","pos":[1780,920],"size":[75,26],"flags":{},"order":17,"mode":0,"inputs":[{"name":"","type":"*","link":49}],"outputs":[{"name":"","type":"LATENT","links":[39],"slot_index":0}],"properties":{"showOutputText":false,"horizontal":false}},{"id":8,"type":"VAEDecode","pos":[2420,440],"size":{"0":210,"1":46},"flags":{},"order":21,"mode":0,"inputs":[{"name":"samples","type":"LATENT","link":7},{"name":"vae","type":"VAE","link":40,"slot_index":1}],"outputs":[{"name":"IMAGE","type":"IMAGE","links":[59],"slot_index":0}],"properties":{"Node name for S&R":"VAEDecode"}},{"id":50,"type":"PreviewImage","pos":[880,1700],"size":{"0":330,"1":310},"flags":{},"order":10,"mode":0,"inputs":[{"name":"images","type":"IMAGE","link":84}],"properties":{"Node name for S&R":"PreviewImage"}},{"id":46,"type":"SDXL Resolutions (JPS)","pos":[520,1350],"size":{"0":280,"1":80},"flags":{},"order":0,"mode":0,"outputs":[{"name":"width","type":"INT","links":[82],"shape":3,"slot_index":0},{"name":"height","type":"INT","links":[83],"shape":3,"slot_index":1}],"properties":{"Node name for S&R":"SDXL Resolutions (JPS)"},"widgets_values":["portrait - 832x1216 (2:3)"]},{"id":31,"type":"LoadImage","pos":[80,1240],"size":{"0":400,"1":500},"flags":{},"order":1,"mode":0,"outputs":[{"name":"IMAGE","type":"IMAGE","links":[79],"shape":3,"slot_index":0},{"name":"MASK","type":"MASK","links":null,"shape":3}],"properties":{"Node name for S&R":"LoadImage"},"widgets_values":["optimus_prime_blueBG.png","image"]},{"id":4,"type":"CheckpointLoaderSimple","pos":[-13,511],"size":{"0":530,"1":110},"flags":{},"order":2,"mode":0,"outputs":[{"name":"MODEL","type":"MODEL","links":[33],"slot_index":0},{"name":"CLIP","type":"CLIP","links":[68],"slot_index":1},{"name":"VAE","type":"VAE","links":[43],"slot_index":2}],"properties":{"Node name for S&R":"CheckpointLoaderSimple"},"widgets_values":["SDXL/lightning/juggernautXL_v9Rdphoto2Lightning.safetensors"]},{"id":52,"type":"Note","pos":[-11,674],"size":{"0":611.4871826171875,"1":67.44450378417969},"flags":{},"order":3,"mode":0,"properties":{"text":""},"widgets_values":["juggernautXL_v9Rdphoto2Lightning.safetensors\n\nhttps://civitai.com/api/download/models/357609?type=Model&format=SafeTensor&size=full&fp=fp16"],"color":"#432","bgcolor":"#653"},{"id":53,"type":"Note","pos":[167,1788],"size":{"0":210,"1":65.20491027832031},"flags":{},"order":4,"mode":0,"properties":{"text":""},"widgets_values":["optimus_prime_blueBG.png"],"color":"#432","bgcolor":"#653"},{"id":49,"type":"Prepare Image Plus (JPS)","pos":[880,1240],"size":{"0":320,"1":410},"flags":{},"order":5,"mode":0,"inputs":[{"name":"image","type":"IMAGE","link":79},{"name":"target_w","type":"INT","link":82,"widget":{"name":"target_w"}},{"name":"target_h","type":"INT","link":83,"widget":{"name":"target_h"}}],"outputs":[{"name":"IMAGE","type":"IMAGE","links":[80,81,84],"shape":3,"slot_index":0}],"properties":{"Node name for S&R":"Prepare Image Plus (JPS)"},"widgets_values":[1024,1024,0,0,0,0,0,0,0,0,0,0,"bilinear",0,"Crop","No"]},{"id":3,"type":"KSampler","pos":[2020,440],"size":{"0":320,"1":474},"flags":{},"order":19,"mode":0,"inputs":[{"name":"model","type":"MODEL","link":36},{"name":"positive","type":"CONDITIONING","link":4},{"name":"negative","type":"CONDITIONING","link":6},{"name":"latent_image","type":"LATENT","link":39}],"outputs":[{"name":"LATENT","type":"LATENT","links":[7],"slot_index":0}],"properties":{"Node name for S&R":"KSampler"},"widgets_values":[123456791,"fixed",13,2.5,"euler_ancestral","normal",0.65]}],"links":[[4,6,0,3,1,"CONDITIONING"],[6,7,0,3,2,"CONDITIONING"],[7,3,0,8,0,"LATENT"],[31,10,0,6,0,"CLIP"],[32,10,0,7,0,"CLIP"],[33,4,0,26,0,"*"],[36,27,0,3,0,"MODEL"],[39,28,0,3,3,"LATENT"],[40,29,0,8,1,"VAE"],[42,30,0,29,0,"*"],[43,4,2,30,0,"*"],[49,36,0,28,0,"*"],[51,30,0,36,1,"VAE"],[59,8,0,41,0,"IMAGE"],[60,41,0,11,0,"IMAGE"],[67,26,0,27,0,"*"],[68,4,1,10,0,"CLIP"],[70,43,0,44,0,"*"],[71,44,0,40,0,"IMAGE"],[72,40,0,45,0,"IMAGE"],[79,31,0,49,0,"IMAGE"],[80,49,0,36,0,"IMAGE"],[81,49,0,43,0,"*"],[82,46,0,49,1,"INT"],[83,46,1,49,2,"INT"],[84,49,0,50,0,"IMAGE"]],"groups":[{"title":"CHECKPOINT","bounding":[-43,363,701,395],"color":"#3f789e","font_size":24},{"title":"CONDITIONING","bounding":[890,290,990,530],"color":"#b58b2a","font_size":24},{"title":"Sampler","bounding":[1970,280,690,810],"color":"#b06634","font_size":24},{"title":"OUTPUT","bounding":[2710,260,2090,1650],"color":"#64b5f6","font_size":24},{"title":"IMAGE","bounding":[50,1050,1210,1000],"color":"#3f789e","font_size":24},{"title":"LATENT FROM IMAGE","bounding":[1170,830,710,190],"color":"#a1309b","font_size":24}],"config":{},"extra":{"ds":{"scale":0.620921323059155,"offset":[-1032.1318581082044,-18.722777580640233]},"workspace_info":{"id":"rG8-YnEIuy0E4AyTSrfTK","saveLock":false,"cloudID":null,"coverMediaPath":null}},"version":0.4}