{"last_node_id":39,"last_link_id":59,"nodes":[{"id":30,"type":"Reroute","pos":[950,1130],"size":[75,26],"flags":{},"order":6,"mode":0,"inputs":[{"name":"","type":"*","link":52}],"outputs":[{"name":"","type":"VAE","links":[42]}],"properties":{"showOutputText":false,"horizontal":false}},{"id":27,"type":"Reroute","pos":[1790,110],"size":[75,26],"flags":{},"order":8,"mode":0,"inputs":[{"name":"","type":"*","link":35}],"outputs":[{"name":"","type":"MODEL","links":[36],"slot_index":0}],"properties":{"showOutputText":false,"horizontal":false}},{"id":26,"type":"Reroute","pos":[950,110],"size":[75,26],"flags":{},"order":4,"mode":0,"inputs":[{"name":"","type":"*","link":33}],"outputs":[{"name":"","type":"MODEL","links":[35],"slot_index":0}],"properties":{"showOutputText":false,"horizontal":false}},{"id":29,"type":"Reroute","pos":[2460,1130],"size":[75,26],"flags":{},"order":11,"mode":0,"inputs":[{"name":"","type":"*","link":42,"slot_index":0}],"outputs":[{"name":"","type":"VAE","links":[40]}],"properties":{"showOutputText":false,"horizontal":false}},{"id":11,"type":"PreviewImage","pos":[2980,450],"size":{"0":1280,"1":970},"flags":{},"order":14,"mode":0,"inputs":[{"name":"images","type":"IMAGE","link":11}],"properties":{"Node name for S&R":"PreviewImage"}},{"id":28,"type":"Reroute","pos":[1790,910],"size":[75,26],"flags":{},"order":7,"mode":0,"inputs":[{"name":"","type":"*","link":58}],"outputs":[{"name":"","type":"LATENT","links":[39],"slot_index":0}],"properties":{"showOutputText":false,"horizontal":false}},{"id":5,"type":"EmptyLatentImage","pos":[1490,910],"size":{"0":210,"1":100},"flags":{},"order":3,"mode":0,"inputs":[{"name":"width","type":"INT","link":44,"widget":{"name":"width"}},{"name":"height","type":"INT","link":45,"widget":{"name":"height"}}],"outputs":[{"name":"LATENT","type":"LATENT","links":[58],"slot_index":0}],"properties":{"Node name for S&R":"EmptyLatentImage"},"widgets_values":[832,1216,1]},{"id":31,"type":"SDXL Resolutions (JPS)","pos":[1130,910],"size":{"0":315,"1":78},"flags":{},"order":0,"mode":0,"outputs":[{"name":"width","type":"INT","links":[44],"shape":3,"slot_index":0},{"name":"height","type":"INT","links":[45],"shape":3,"slot_index":1}],"properties":{"Node name for S&R":"SDXL Resolutions (JPS)"},"widgets_values":["landscape - 1216x832 (3:2)"]},{"id":7,"type":"CLIPTextEncode","pos":[1330,570],"size":{"0":430,"1":130},"flags":{},"order":10,"mode":0,"inputs":[{"name":"clip","type":"CLIP","link":32}],"outputs":[{"name":"CONDITIONING","type":"CONDITIONING","links":[6],"slot_index":0}],"properties":{"Node name for S&R":"CLIPTextEncode"},"widgets_values":["drawing, illustration, sketch, painting"],"color":"#322","bgcolor":"#533"},{"id":6,"type":"CLIPTextEncode","pos":[1330,360],"size":{"0":430,"1":160},"flags":{},"order":9,"mode":0,"inputs":[{"name":"clip","type":"CLIP","link":31,"slot_index":0}],"outputs":[{"name":"CONDITIONING","type":"CONDITIONING","links":[4],"slot_index":0}],"properties":{"Node name for S&R":"CLIPTextEncode"},"widgets_values":["(extreme closeup:0.75), beautiful donut, shiny pink glazing, sprinkles, soft light, table, hip cafe, film, cinematic, photo"],"color":"#232","bgcolor":"#353"},{"id":8,"type":"VAEDecode","pos":[2590,450],"size":{"0":210,"1":46},"flags":{},"order":13,"mode":0,"inputs":[{"name":"samples","type":"LATENT","link":57},{"name":"vae","type":"VAE","link":40,"slot_index":1}],"outputs":[{"name":"IMAGE","type":"IMAGE","links":[11],"slot_index":0}],"properties":{"Node name for S&R":"VAEDecode"}},{"id":4,"type":"CheckpointLoaderSimple","pos":[140.11592813964842,448.7487767828368],"size":{"0":530,"1":110},"flags":{},"order":1,"mode":0,"outputs":[{"name":"MODEL","type":"MODEL","links":[33],"slot_index":0},{"name":"CLIP","type":"CLIP","links":[10],"slot_index":1},{"name":"VAE","type":"VAE","links":[52],"slot_index":2}],"properties":{"Node name for S&R":"CheckpointLoaderSimple"},"widgets_values":["SDXL/lightning/juggernautXL_v9Rdphoto2Lightning.safetensors"]},{"id":38,"type":"Note","pos":[102.11592813964842,605.7487767828376],"size":{"0":610.4039916992188,"1":72.27865600585938},"flags":{},"order":2,"mode":0,"properties":{"text":""},"widgets_values":["juggernautXL_v9Rdphoto2Lightning.safetensors\n\nhttps://civitai.com/api/download/models/354657?type=Model&format=SafeTensor&size=full&fp=fp16"],"color":"#432","bgcolor":"#653"},{"id":3,"type":"KSampler","pos":[2210,450],"size":{"0":320,"1":474},"flags":{},"order":12,"mode":0,"inputs":[{"name":"model","type":"MODEL","link":36},{"name":"positive","type":"CONDITIONING","link":4},{"name":"negative","type":"CONDITIONING","link":6},{"name":"latent_image","type":"LATENT","link":39}],"outputs":[{"name":"LATENT","type":"LATENT","links":[57],"slot_index":0}],"properties":{"Node name for S&R":"KSampler"},"widgets_values":[123456793,"fixed",6,1.5,"dpmpp_sde","karras",1]},{"id":10,"type":"CLIPSetLastLayer","pos":[939,469],"size":{"0":315,"1":58},"flags":{},"order":5,"mode":0,"inputs":[{"name":"clip","type":"CLIP","link":10}],"outputs":[{"name":"CLIP","type":"CLIP","links":[31,32],"shape":3,"slot_index":0}],"properties":{"Node name for S&R":"CLIPSetLastLayer"},"widgets_values":[-2]}],"links":[[4,6,0,3,1,"CONDITIONING"],[6,7,0,3,2,"CONDITIONING"],[10,4,1,10,0,"CLIP"],[11,8,0,11,0,"IMAGE"],[31,10,0,6,0,"CLIP"],[32,10,0,7,0,"CLIP"],[33,4,0,26,0,"*"],[35,26,0,27,0,"*"],[36,27,0,3,0,"MODEL"],[39,28,0,3,3,"LATENT"],[40,29,0,8,1,"VAE"],[42,30,0,29,0,"*"],[44,31,0,5,0,"INT"],[45,31,1,5,1,"INT"],[52,4,2,30,0,"*"],[57,3,0,8,0,"LATENT"],[58,5,0,28,0,"*"]],"groups":[{"title":"CHECKPOINT","bounding":[73,307,677,420],"color":"#8AA","font_size":24},{"title":"EMPTY LATENT","bounding":[860,770,1000,280],"color":"#a1309b","font_size":24},{"title":"CONDITIONING","bounding":[860,280,1000,430],"color":"#b58b2a","font_size":24},{"title":"SAMPLER","bounding":[2170,330,720,640],"color":"#b06634","font_size":24},{"title":"OUTPUT","bounding":[2920,300,1360,1190],"color":"#3f789e","font_size":24}],"config":{},"extra":{"ds":{"scale":0.5131581182307069,"offset":{"0":87.11537582235137,"1":429.0323853190827}},"workspace_info":{"id":"BSPbvscxcODq0HjlhZf-p","saveLock":false,"cloudID":null,"coverMediaPath":null}},"version":0.4}