{"last_node_id":115,"last_link_id":142,"nodes":[{"id":88,"type":"CLIPTextEncode","pos":[940,2040],"size":{"0":210,"1":54},"flags":{},"order":30,"mode":0,"inputs":[{"name":"clip","type":"CLIP","link":123},{"name":"text","type":"STRING","link":120,"widget":{"name":"text"}}],"outputs":[{"name":"CONDITIONING","type":"CONDITIONING","links":[112],"shape":3,"slot_index":0}],"properties":{"Node name for S&R":"CLIPTextEncode"},"widgets_values":["happy man, clown, surprised, 1980s, film, color photo, vintage"]},{"id":87,"type":"CLIPTextEncode","pos":[940,2160],"size":{"0":210,"1":54},"flags":{},"order":31,"mode":0,"inputs":[{"name":"clip","type":"CLIP","link":124},{"name":"text","type":"STRING","link":121,"widget":{"name":"text"}}],"outputs":[{"name":"CONDITIONING","type":"CONDITIONING","links":[113],"shape":3,"slot_index":0}],"properties":{"Node name for S&R":"CLIPTextEncode"},"widgets_values":["happy man, clown, surprised, 1980s, film, color photo, vintage"]},{"id":96,"type":"Reroute","pos":[1610,1960],"size":[75,26],"flags":{},"order":29,"mode":0,"inputs":[{"name":"","type":"*","link":126}],"outputs":[{"name":"","type":"MODEL","links":[127],"slot_index":0}],"properties":{"showOutputText":false,"horizontal":false}},{"id":95,"type":"Reroute","pos":[480,1960],"size":[75,26],"flags":{},"order":22,"mode":0,"inputs":[{"name":"","type":"*","link":125}],"outputs":[{"name":"","type":"MODEL","links":[126],"slot_index":0}],"properties":{"showOutputText":false,"horizontal":false}},{"id":99,"type":"Reroute","pos":[510,-90],"size":[75,26],"flags":{},"order":19,"mode":0,"inputs":[{"name":"","type":"*","link":131}],"outputs":[{"name":"","type":"MODEL","links":[134],"slot_index":0}],"properties":{"showOutputText":false,"horizontal":false}},{"id":100,"type":"Reroute","pos":[1610,-90],"size":[75,26],"flags":{},"order":25,"mode":0,"inputs":[{"name":"","type":"*","link":134}],"outputs":[{"name":"","type":"MODEL","links":[133],"slot_index":0}],"properties":{"showOutputText":false,"horizontal":false}},{"id":101,"type":"Reroute","pos":[510,480],"size":[75,26],"flags":{},"order":21,"mode":0,"inputs":[{"name":"","type":"*","link":135}],"outputs":[{"name":"","type":"VAE","links":[136],"slot_index":0}],"properties":{"showOutputText":false,"horizontal":false}},{"id":97,"type":"Reroute","pos":[470,2560],"size":[75,26],"flags":{},"order":24,"mode":0,"inputs":[{"name":"","type":"*","link":128}],"outputs":[{"name":"","type":"VAE","links":[129],"slot_index":0}],"properties":{"showOutputText":false,"horizontal":false}},{"id":44,"type":"PrimitiveNode","pos":[1200,960],"size":{"0":210,"1":82},"flags":{},"order":0,"mode":0,"outputs":[{"name":"INT","type":"INT","links":[48,53],"slot_index":0,"widget":{"name":"steps"}}],"title":"Steps","properties":{"Run widget replace on values":false},"widgets_values":[7,"fixed"],"color":"#332922","bgcolor":"#593930"},{"id":82,"type":"Sampler Scheduler Settings (JPS)","pos":[1090,1260],"size":{"0":315,"1":102},"flags":{},"order":1,"mode":0,"outputs":[{"name":"sampler_name","type":"COMBO","links":[104,106],"shape":3,"slot_index":0},{"name":"scheduler","type":"COMBO","links":[105,107],"shape":3,"slot_index":1}],"properties":{"Node name for S&R":"Sampler Scheduler Settings (JPS)"},"widgets_values":["dpmpp_sde_gpu","karras"],"color":"#332922","bgcolor":"#593930"},{"id":42,"type":"PrimitiveNode","pos":[1200,810],"size":{"0":210,"1":82},"flags":{},"order":2,"mode":0,"outputs":[{"name":"INT","type":"INT","links":[47,52],"slot_index":0,"widget":{"name":"seed"}}],"title":"Seed","properties":{"Run widget replace on values":false},"widgets_values":[123456788,"fixed"],"color":"#332922","bgcolor":"#593930"},{"id":14,"type":"PreviewImage","pos":[2670,330],"size":{"0":1520,"1":910},"flags":{},"order":39,"mode":0,"inputs":[{"name":"images","type":"IMAGE","link":95}],"properties":{"Node name for S&R":"PreviewImage"}},{"id":48,"type":"PreviewImage","pos":[2670,1300],"size":{"0":1520,"1":950},"flags":{},"order":40,"mode":0,"inputs":[{"name":"images","type":"IMAGE","link":97}],"properties":{"Node name for S&R":"PreviewImage"}},{"id":5,"type":"KSampler","pos":[1810,0],"size":{"0":320,"1":470},"flags":{},"order":33,"mode":0,"inputs":[{"name":"model","type":"MODEL","link":133},{"name":"positive","type":"CONDITIONING","link":110},{"name":"negative","type":"CONDITIONING","link":111},{"name":"latent_image","type":"LATENT","link":109,"slot_index":3},{"name":"seed","type":"INT","link":47,"widget":{"name":"seed"}},{"name":"steps","type":"INT","link":48,"widget":{"name":"steps"}},{"name":"cfg","type":"FLOAT","link":49,"widget":{"name":"cfg"}},{"name":"sampler_name","type":"COMBO","link":104,"widget":{"name":"sampler_name"}},{"name":"scheduler","type":"COMBO","link":105,"widget":{"name":"scheduler"}}],"outputs":[{"name":"LATENT","type":"LATENT","links":[9],"shape":3,"slot_index":0}],"properties":{"Node name for S&R":"KSampler"},"widgets_values":[123456788,"fixed",7,1.5,"euler","karras",1]},{"id":41,"type":"CLIPSetLastLayer","pos":[540,50],"size":{"0":210,"1":54},"flags":{},"order":20,"mode":0,"inputs":[{"name":"clip","type":"CLIP","link":45},{"name":"stop_at_clip_layer","type":"INT","link":139,"widget":{"name":"stop_at_clip_layer"}}],"outputs":[{"name":"CLIP","type":"CLIP","links":[114,115],"shape":3,"slot_index":0}],"properties":{"Node name for S&R":"CLIPSetLastLayer"},"widgets_values":[-2]},{"id":3,"type":"CLIPTextEncode","pos":[940,-20],"size":{"0":210,"1":54},"flags":{},"order":26,"mode":0,"inputs":[{"name":"clip","type":"CLIP","link":114},{"name":"text","type":"STRING","link":117,"widget":{"name":"text"},"slot_index":1}],"outputs":[{"name":"CONDITIONING","type":"CONDITIONING","links":[110],"shape":3,"slot_index":0}],"properties":{"Node name for S&R":"CLIPTextEncode"},"widgets_values":["happy man, clown, surprised, 1980s, film, color photo, vintage"]},{"id":86,"type":"CLIPTextEncode","pos":[940,100],"size":{"0":210,"1":54},"flags":{},"order":27,"mode":0,"inputs":[{"name":"clip","type":"CLIP","link":115},{"name":"text","type":"STRING","link":118,"widget":{"name":"text"}}],"outputs":[{"name":"CONDITIONING","type":"CONDITIONING","links":[111],"shape":3,"slot_index":0}],"properties":{"Node name for S&R":"CLIPTextEncode"},"widgets_values":["happy man, clown, surprised, 1980s, film, color photo, vintage"]},{"id":91,"type":"Text Prompt (JPS)","pos":[480,830],"size":{"0":400,"1":200},"flags":{},"order":3,"mode":0,"outputs":[{"name":"text","type":"STRING","links":[117,120],"shape":3,"slot_index":0}],"properties":{"Node name for S&R":"Text Prompt (JPS)"},"widgets_values":["cyberpunk, street scene, sports car, neon signs, glow, rainy night, blade runner, realistic, cinematic, film look, photo"],"color":"#232","bgcolor":"#353"},{"id":92,"type":"Text Prompt (JPS)","pos":[480,1100],"size":{"0":400,"1":200},"flags":{},"order":4,"mode":0,"outputs":[{"name":"text","type":"STRING","links":[118,121],"shape":3,"slot_index":0}],"properties":{"Node name for S&R":"Text Prompt (JPS)"},"widgets_values":["(drawing:1.3), (painting:1.3), (sketch:1.3), (illustration:1.3)"],"color":"#322","bgcolor":"#533"},{"id":94,"type":"CLIPSetLastLayer","pos":[540,2100],"size":{"0":210,"1":60},"flags":{},"order":23,"mode":0,"inputs":[{"name":"clip","type":"CLIP","link":122},{"name":"stop_at_clip_layer","type":"INT","link":138,"widget":{"name":"stop_at_clip_layer"}}],"outputs":[{"name":"CLIP","type":"CLIP","links":[123,124],"shape":3,"slot_index":0}],"properties":{"Node name for S&R":"CLIPSetLastLayer"},"widgets_values":[-2]},{"id":103,"type":"PrimitiveNode","pos":[80,1010],"size":{"0":210,"1":82},"flags":{},"order":5,"mode":0,"outputs":[{"name":"INT","type":"INT","links":[138,139],"slot_index":0,"widget":{"name":"stop_at_clip_layer"}}],"title":"Stop at Clip Layer","properties":{"Run widget replace on values":false},"widgets_values":[-2,"fixed"]},{"id":104,"type":"Note","pos":[70,1140],"size":{"0":250,"1":90},"flags":{},"order":6,"mode":0,"properties":{"text":""},"widgets_values":["Default: -2\nLower values (-3, -4, etc...) decreases prompt adherence (more 'creativity')."],"color":"#432","bgcolor":"#653"},{"id":46,"type":"KSampler","pos":[1810,2040],"size":{"0":320,"1":470},"flags":{},"order":34,"mode":0,"inputs":[{"name":"model","type":"MODEL","link":127},{"name":"positive","type":"CONDITIONING","link":112},{"name":"negative","type":"CONDITIONING","link":113},{"name":"latent_image","type":"LATENT","link":108,"slot_index":3},{"name":"seed","type":"INT","link":52,"widget":{"name":"seed"}},{"name":"steps","type":"INT","link":53,"widget":{"name":"steps"}},{"name":"cfg","type":"FLOAT","link":54,"widget":{"name":"cfg"}},{"name":"sampler_name","type":"COMBO","link":106,"widget":{"name":"sampler_name"}},{"name":"scheduler","type":"COMBO","link":107,"widget":{"name":"scheduler"}}],"outputs":[{"name":"LATENT","type":"LATENT","links":[55],"shape":3,"slot_index":0}],"properties":{"Node name for S&R":"KSampler"},"widgets_values":[123456788,"fixed",7,1.5,"euler_ancestral","karras",1]},{"id":47,"type":"VAEDecode","pos":[2190,2040],"size":{"0":210,"1":46},"flags":{},"order":36,"mode":0,"inputs":[{"name":"samples","type":"LATENT","link":55},{"name":"vae","type":"VAE","link":141}],"outputs":[{"name":"IMAGE","type":"IMAGE","links":[96],"shape":3,"slot_index":0}],"properties":{"Node name for S&R":"VAEDecode"}},{"id":75,"type":"SDXL Resolutions (JPS)","pos":[960,1600],"size":{"0":315,"1":78},"flags":{},"order":7,"mode":0,"outputs":[{"name":"width","type":"INT","links":[92],"shape":3,"slot_index":0},{"name":"height","type":"INT","links":[93],"shape":3,"slot_index":1}],"properties":{"Node name for S&R":"SDXL Resolutions (JPS)"},"widgets_values":["landscape - 1216x832 (3:2)"],"color":"#323","bgcolor":"#535"},{"id":6,"type":"EmptyLatentImage","pos":[1320,1600],"size":{"0":210,"1":110},"flags":{},"order":18,"mode":0,"inputs":[{"name":"width","type":"INT","link":92,"widget":{"name":"width"}},{"name":"height","type":"INT","link":93,"widget":{"name":"height"}}],"outputs":[{"name":"LATENT","type":"LATENT","links":[108,109],"shape":3,"slot_index":0}],"properties":{"Node name for S&R":"EmptyLatentImage"},"widgets_values":[1024,1024,1],"color":"#323","bgcolor":"#535"},{"id":108,"type":"Note","pos":[1700,1280],"size":{"0":310,"1":60},"flags":{},"order":8,"mode":0,"properties":{"text":""},"widgets_values":["Sampler = dpmpp_sde\nScheduler= karras"],"color":"#432","bgcolor":"#653"},{"id":107,"type":"Note","pos":[1700,1110],"size":{"0":340,"1":80},"flags":{},"order":9,"mode":0,"properties":{"text":""},"widgets_values":["CFG = 1 to 2\n\nToo low: Flat, soft, desaturated\nToo high: Too much contrast, overexposed, oversharpen\n\n\n"],"color":"#432","bgcolor":"#653"},{"id":106,"type":"Note","pos":[1710,950],"size":{"0":250,"1":80},"flags":{},"order":10,"mode":0,"properties":{"text":""},"widgets_values":["Steps = 6\n\nToo many steps = overly busy image\nToo few steps = overly simple image"],"color":"#432","bgcolor":"#653"},{"id":105,"type":"Note","pos":[1710,810],"size":{"0":290,"1":70},"flags":{},"order":11,"mode":0,"properties":{"text":""},"widgets_values":["Random seed. Can be any positive number.\n\nChanging this number changes the entire image."],"color":"#432","bgcolor":"#653"},{"id":109,"type":"Note","pos":[1710,1580],"size":{"0":330,"1":110},"flags":{},"order":12,"mode":0,"properties":{"text":""},"widgets_values":["Latent Image\n\nThe \"canvas\". For best results, use optimal resolutions for your model.\n\nDefault for SDXL= 832x1216"],"color":"#432","bgcolor":"#653"},{"id":102,"type":"Reroute","pos":[2050,480],"size":[75,26],"flags":{},"order":28,"mode":0,"inputs":[{"name":"","type":"*","link":136}],"outputs":[{"name":"","type":"VAE","links":[137],"slot_index":0}],"properties":{"showOutputText":false,"horizontal":false}},{"id":98,"type":"Reroute","pos":[2030,2560],"size":[75,26],"flags":{},"order":32,"mode":0,"inputs":[{"name":"","type":"*","link":129}],"outputs":[{"name":"","type":"VAE","links":[141],"slot_index":0}],"properties":{"showOutputText":false,"horizontal":false}},{"id":76,"type":"Text Overlay","pos":[2420,30],"size":{"0":400,"1":316},"flags":{"collapsed":true},"order":37,"mode":0,"inputs":[{"name":"image","type":"IMAGE","link":94}],"outputs":[{"name":"IMAGE","type":"IMAGE","links":[95],"shape":3,"slot_index":0}],"properties":{"Node name for S&R":"Text Overlay"},"widgets_values":["Dreamshaper XL (Lightning)",64,"ariblk.ttf","#FFFFFF","#000000",0.2,16,"right","top",0,0]},{"id":77,"type":"Text Overlay","pos":[2450,2070],"size":{"0":400,"1":316},"flags":{"collapsed":true},"order":38,"mode":0,"inputs":[{"name":"image","type":"IMAGE","link":96}],"outputs":[{"name":"IMAGE","type":"IMAGE","links":[97],"shape":3,"slot_index":0}],"properties":{"Node name for S&R":"Text Overlay"},"widgets_values":["Juggernaut XL v9 (Lightning)",64,"ariblk.ttf","#FFFFFF","#000000",0.2,16,"right","top",0,0]},{"id":9,"type":"VAEDecode","pos":[2190,0],"size":{"0":210,"1":46},"flags":{},"order":35,"mode":0,"inputs":[{"name":"samples","type":"LATENT","link":9},{"name":"vae","type":"VAE","link":137}],"outputs":[{"name":"IMAGE","type":"IMAGE","links":[94],"shape":3,"slot_index":0}],"properties":{"Node name for S&R":"VAEDecode"}},{"id":1,"type":"CheckpointLoaderSimple","pos":[-320,30],"size":{"0":578.4363403320312,"1":187.03631591796875},"flags":{},"order":13,"mode":0,"outputs":[{"name":"MODEL","type":"MODEL","links":[131],"shape":3,"slot_index":0},{"name":"CLIP","type":"CLIP","links":[45],"shape":3,"slot_index":1},{"name":"VAE","type":"VAE","links":[135],"shape":3,"slot_index":2}],"properties":{"Node name for S&R":"CheckpointLoaderSimple"},"widgets_values":["SDXL/lightning/dreamshaperXL_lightningDPMSDE.safetensors"]},{"id":93,"type":"CheckpointLoaderSimple","pos":[-370,2080],"size":{"0":578.4363403320312,"1":187.03631591796875},"flags":{},"order":14,"mode":0,"outputs":[{"name":"MODEL","type":"MODEL","links":[125],"shape":3,"slot_index":0},{"name":"CLIP","type":"CLIP","links":[122],"shape":3,"slot_index":1},{"name":"VAE","type":"VAE","links":[128],"shape":3,"slot_index":2}],"properties":{"Node name for S&R":"CheckpointLoaderSimple"},"widgets_values":["SDXL/lightning/juggernautXL_v9Rdphoto2Lightning.safetensors"]},{"id":113,"type":"Note","pos":[-378,2315],"size":{"0":611.4871826171875,"1":67.44450378417969},"flags":{},"order":15,"mode":0,"properties":{"text":""},"widgets_values":["juggernautXL_v9Rdphoto2Lightning.safetensors\n\nhttps://civitai.com/api/download/models/357609?type=Model&format=SafeTensor&size=full&fp=fp16"],"color":"#432","bgcolor":"#653"},{"id":114,"type":"Note","pos":[-333,271],"size":{"0":617.7569580078125,"1":66.29908752441406},"flags":{},"order":16,"mode":0,"properties":{"text":""},"widgets_values":["dreamshaperXL_lightningDPMSDE.safetensors\n\nhttps://civitai.com/api/download/models/354657?type=Model&format=SafeTensor&size=full&fp=fp16"],"color":"#432","bgcolor":"#653"},{"id":45,"type":"PrimitiveNode","pos":[1199,1106],"size":{"0":210,"1":82},"flags":{},"order":17,"mode":0,"outputs":[{"name":"FLOAT","type":"FLOAT","links":[49,54],"slot_index":0,"widget":{"name":"cfg"}}],"title":"CFG","properties":{"Run widget replace on values":false},"widgets_values":[1.5,"fixed"],"color":"#332922","bgcolor":"#593930"}],"links":[[9,5,0,9,0,"LATENT"],[45,1,1,41,0,"CLIP"],[47,42,0,5,4,"INT"],[48,44,0,5,5,"INT"],[49,45,0,5,6,"FLOAT"],[52,42,0,46,4,"INT"],[53,44,0,46,5,"INT"],[54,45,0,46,6,"FLOAT"],[55,46,0,47,0,"LATENT"],[92,75,0,6,0,"INT"],[93,75,1,6,1,"INT"],[94,9,0,76,0,"IMAGE"],[95,76,0,14,0,"IMAGE"],[96,47,0,77,0,"IMAGE"],[97,77,0,48,0,"IMAGE"],[104,82,0,5,7,"COMBO"],[105,82,1,5,8,"COMBO"],[106,82,0,46,7,"COMBO"],[107,82,1,46,8,"COMBO"],[108,6,0,46,3,"LATENT"],[109,6,0,5,3,"LATENT"],[110,3,0,5,1,"CONDITIONING"],[111,86,0,5,2,"CONDITIONING"],[112,88,0,46,1,"CONDITIONING"],[113,87,0,46,2,"CONDITIONING"],[114,41,0,3,0,"CLIP"],[115,41,0,86,0,"CLIP"],[117,91,0,3,1,"STRING"],[118,92,0,86,1,"STRING"],[120,91,0,88,1,"STRING"],[121,92,0,87,1,"STRING"],[122,93,1,94,0,"CLIP"],[123,94,0,88,0,"CLIP"],[124,94,0,87,0,"CLIP"],[125,93,0,95,0,"*"],[126,95,0,96,0,"*"],[127,96,0,46,0,"MODEL"],[128,93,2,97,0,"*"],[129,97,0,98,0,"*"],[131,1,0,99,0,"*"],[133,100,0,5,0,"MODEL"],[134,99,0,100,0,"*"],[135,1,2,101,0,"*"],[136,101,0,102,0,"*"],[137,102,0,9,1,"VAE"],[138,103,0,94,1,"INT"],[139,103,0,41,1,"INT"],[141,98,0,47,1,"VAE"]],"groups":[{"title":"IMAGE 1","bounding":[-360,-200,2940,760],"font_size":24},{"title":"IMAGE 2","bounding":[-410,1780,3020,870],"font_size":24},{"title":"CONDITIONING","bounding":[0,660,940,740],"color":"#b58b2a","font_size":36},{"title":"SAMPLER SETTINGS","bounding":[1020,670,1110,730],"color":"#b06634","font_size":36},{"title":"EMPTY LATENT","bounding":[940,1450,1190,280],"color":"#a1309b","font_size":36}],"config":{},"extra":{"ds":{"scale":0.4784704622811001,"offset":[1136.3176983692497,50.80886538350205]},"workspace_info":{"id":"-SKFRIu_WW7q98GuzFQe2","saveLock":false,"cloudID":null,"coverMediaPath":null}},"version":0.4}