{"last_node_id":83,"last_link_id":106,"nodes":[{"id":40,"type":"Note","pos":[2110,2620],"size":{"0":210,"1":343.2005310058594},"flags":{},"order":0,"mode":0,"properties":{"text":""},"widgets_values":["lcm\n\n"],"color":"#432","bgcolor":"#653"},{"id":9,"type":"VAEDecode","pos":[2136,0],"size":{"0":210,"1":46},"flags":{},"order":22,"mode":0,"inputs":[{"name":"samples","type":"LATENT","link":9},{"name":"vae","type":"VAE","link":null}],"outputs":[{"name":"IMAGE","type":"IMAGE","links":[94],"shape":3,"slot_index":0}],"properties":{"Node name for S&R":"VAEDecode"}},{"id":76,"type":"Text Overlay","pos":[2400,30],"size":{"0":400,"1":316},"flags":{"collapsed":true},"order":27,"mode":0,"inputs":[{"name":"image","type":"IMAGE","link":94}],"outputs":[{"name":"IMAGE","type":"IMAGE","links":[95],"shape":3,"slot_index":0}],"properties":{"Node name for S&R":"Text Overlay"},"widgets_values":["Euler",64,"ariblk.ttf","#FFFFFF","#000000",0.2,16,"right","top",0,0]},{"id":14,"type":"PreviewImage","pos":[2570,0],"size":{"0":1077.6324462890625,"1":557.5040283203125},"flags":{},"order":32,"mode":0,"inputs":[{"name":"images","type":"IMAGE","link":95}],"properties":{"Node name for S&R":"PreviewImage"}},{"id":47,"type":"VAEDecode","pos":[2130,660],"size":{"0":210,"1":46},"flags":{},"order":23,"mode":0,"inputs":[{"name":"samples","type":"LATENT","link":55},{"name":"vae","type":"VAE","link":null}],"outputs":[{"name":"IMAGE","type":"IMAGE","links":[96],"shape":3,"slot_index":0}],"properties":{"Node name for S&R":"VAEDecode"}},{"id":77,"type":"Text Overlay","pos":[2370,690],"size":{"0":400,"1":316},"flags":{"collapsed":true},"order":28,"mode":0,"inputs":[{"name":"image","type":"IMAGE","link":96}],"outputs":[{"name":"IMAGE","type":"IMAGE","links":[97],"shape":3,"slot_index":0}],"properties":{"Node name for S&R":"Text Overlay"},"widgets_values":["Euler Ancestral",64,"ariblk.ttf","#FFFFFF","#000000",0.2,16,"right","top",0,0]},{"id":23,"type":"Note","pos":[2120,820],"size":{"0":210,"1":294.8814392089844},"flags":{},"order":1,"mode":0,"properties":{"text":""},"widgets_values":["** euler_ancestral **\n\ndpm2_ancestral\ndpm_2s_ancestral\nddpm"],"color":"#432","bgcolor":"#653"},{"id":22,"type":"Note","pos":[2110,200],"size":{"0":210,"1":259.6094970703125},"flags":{},"order":2,"mode":0,"properties":{"text":""},"widgets_values":["**euler**\n\ndpmpp_2m\ndpm_2\ndpm_fast\ndpm_adaptive\nheun\nheunpp2\nlms\nddim\nunipc\nuni_pc_bn2\n\n\n"],"color":"#432","bgcolor":"#653"},{"id":55,"type":"VAEDecode","pos":[2120,1250],"size":{"0":210,"1":46},"flags":{},"order":25,"mode":0,"inputs":[{"name":"samples","type":"LATENT","link":69},{"name":"vae","type":"VAE","link":null}],"outputs":[{"name":"IMAGE","type":"IMAGE","links":[98],"shape":3,"slot_index":0}],"properties":{"Node name for S&R":"VAEDecode"}},{"id":78,"type":"Text Overlay","pos":[2370,1280],"size":{"0":400,"1":316},"flags":{"collapsed":true},"order":30,"mode":0,"inputs":[{"name":"image","type":"IMAGE","link":98}],"outputs":[{"name":"IMAGE","type":"IMAGE","links":[99],"shape":3,"slot_index":0}],"properties":{"Node name for S&R":"Text Overlay"},"widgets_values":["DPM++ SDE (GPU)",64,"ariblk.ttf","#FFFFFF","#000000",0.2,16,"right","top",0,0]},{"id":32,"type":"Note","pos":[2120,1380],"size":{"0":210,"1":336.0221252441406},"flags":{},"order":3,"mode":0,"properties":{"text":""},"widgets_values":["** dpmpp_sde_gpu **\n\ndpmpp_2m_sde_gpu\n\n\n"],"color":"#432","bgcolor":"#653"},{"id":51,"type":"VAEDecode","pos":[2100,1870],"size":{"0":210,"1":46},"flags":{},"order":24,"mode":0,"inputs":[{"name":"samples","type":"LATENT","link":62},{"name":"vae","type":"VAE","link":null}],"outputs":[{"name":"IMAGE","type":"IMAGE","links":[100],"shape":3,"slot_index":0}],"properties":{"Node name for S&R":"VAEDecode"}},{"id":79,"type":"Text Overlay","pos":[2350,1900],"size":{"0":400,"1":316},"flags":{"collapsed":true},"order":29,"mode":0,"inputs":[{"name":"image","type":"IMAGE","link":100}],"outputs":[{"name":"IMAGE","type":"IMAGE","links":[101],"shape":3,"slot_index":0}],"properties":{"Node name for S&R":"Text Overlay"},"widgets_values":["DPM++ SDE",64,"ariblk.ttf","#FFFFFF","#000000",0.2,16,"right","top",0,0]},{"id":33,"type":"Note","pos":[2090,2010],"size":{"0":210,"1":339.9698791503906},"flags":{},"order":4,"mode":0,"properties":{"text":""},"widgets_values":["**dpmpp_sde**\n\ndpmpp_2m_sde\n"],"color":"#432","bgcolor":"#653"},{"id":59,"type":"VAEDecode","pos":[2110,2500],"size":{"0":210,"1":46},"flags":{},"order":26,"mode":0,"inputs":[{"name":"samples","type":"LATENT","link":76},{"name":"vae","type":"VAE","link":null}],"outputs":[{"name":"IMAGE","type":"IMAGE","links":[102],"shape":3,"slot_index":0}],"properties":{"Node name for S&R":"VAEDecode"}},{"id":80,"type":"Text Overlay","pos":[2360,2530],"size":{"0":400,"1":316},"flags":{"collapsed":true},"order":31,"mode":0,"inputs":[{"name":"image","type":"IMAGE","link":102}],"outputs":[{"name":"IMAGE","type":"IMAGE","links":[103],"shape":3,"slot_index":0}],"properties":{"Node name for S&R":"Text Overlay"},"widgets_values":["LCM",64,"ariblk.ttf","#FFFFFF","#000000",0.2,16,"right","top",0,0]},{"id":3,"type":"CLIPTextEncode","pos":[750,50],"size":{"0":400,"1":200},"flags":{},"order":13,"mode":0,"inputs":[{"name":"clip","type":"CLIP","link":105}],"outputs":[{"name":"CONDITIONING","type":"CONDITIONING","links":[3,50,57,64,71],"shape":3,"slot_index":0}],"properties":{"Node name for S&R":"CLIPTextEncode"},"widgets_values":["happy man, clown, surprised, 1980s, film, color photo, vintage"],"color":"#232","bgcolor":"#353"},{"id":60,"type":"PreviewImage","pos":[2560,2500],"size":{"0":1070.6739501953125,"1":499.1868896484375},"flags":{},"order":36,"mode":0,"inputs":[{"name":"images","type":"IMAGE","link":103}],"properties":{"Node name for S&R":"PreviewImage"}},{"id":56,"type":"PreviewImage","pos":[2570,1250],"size":{"0":1077.6324462890625,"1":557.5040283203125},"flags":{},"order":35,"mode":0,"inputs":[{"name":"images","type":"IMAGE","link":99}],"properties":{"Node name for S&R":"PreviewImage"}},{"id":4,"type":"CLIPTextEncode","pos":[750,320],"size":{"0":400,"1":200},"flags":{},"order":14,"mode":0,"inputs":[{"name":"clip","type":"CLIP","link":106}],"outputs":[{"name":"CONDITIONING","type":"CONDITIONING","links":[4,51,58,65,72],"shape":3,"slot_index":0}],"properties":{"Node name for S&R":"CLIPTextEncode"},"widgets_values":["teeth, yellow teeth, drawing, painting, sketch, illustration"],"color":"#322","bgcolor":"#533"},{"id":75,"type":"SDXL Resolutions (JPS)","pos":[300,1470],"size":{"0":315,"1":78},"flags":{},"order":5,"mode":0,"outputs":[{"name":"width","type":"INT","links":[92],"shape":3,"slot_index":0},{"name":"height","type":"INT","links":[93],"shape":3,"slot_index":1}],"properties":{"Node name for S&R":"SDXL Resolutions (JPS)"},"widgets_values":["portrait - 832x1216 (2:3)"]},{"id":6,"type":"EmptyLatentImage","pos":[660,1470],"size":{"0":210,"1":100},"flags":{},"order":12,"mode":0,"inputs":[{"name":"width","type":"INT","link":92,"widget":{"name":"width"}},{"name":"height","type":"INT","link":93,"widget":{"name":"height"}}],"outputs":[{"name":"LATENT","type":"LATENT","links":[26],"shape":3,"slot_index":0}],"properties":{"Node name for S&R":"EmptyLatentImage"},"widgets_values":[1024,1024,2]},{"id":18,"type":"Anything Everywhere","pos":[910,1470],"size":{"0":160,"1":76},"flags":{},"order":16,"mode":0,"inputs":[{"name":"LATENT","type":"*","link":26,"color_on":"#FF9CF9"}],"properties":{"Node name for S&R":"Anything Everywhere","group_restricted":0,"color_restricted":0},"widgets_values":[]},{"id":46,"type":"KSampler","pos":[1770,660],"size":{"0":315,"1":474},"flags":{},"order":18,"mode":0,"inputs":[{"name":"model","type":"MODEL","link":null},{"name":"positive","type":"CONDITIONING","link":50},{"name":"negative","type":"CONDITIONING","link":51},{"name":"latent_image","type":"LATENT","link":null,"slot_index":3},{"name":"seed","type":"INT","link":52,"widget":{"name":"seed"}},{"name":"steps","type":"INT","link":53,"widget":{"name":"steps"}},{"name":"cfg","type":"FLOAT","link":54,"widget":{"name":"cfg"}}],"outputs":[{"name":"LATENT","type":"LATENT","links":[55],"shape":3,"slot_index":0}],"properties":{"Node name for S&R":"KSampler"},"widgets_values":[123456792,"fixed",7,1.5,"euler_ancestral","karras",1]},{"id":5,"type":"KSampler","pos":[1780,0],"size":{"0":315,"1":474},"flags":{},"order":17,"mode":0,"inputs":[{"name":"model","type":"MODEL","link":null},{"name":"positive","type":"CONDITIONING","link":3},{"name":"negative","type":"CONDITIONING","link":4},{"name":"latent_image","type":"LATENT","link":null,"slot_index":3},{"name":"seed","type":"INT","link":47,"widget":{"name":"seed"}},{"name":"steps","type":"INT","link":48,"widget":{"name":"steps"}},{"name":"cfg","type":"FLOAT","link":49,"widget":{"name":"cfg"}}],"outputs":[{"name":"LATENT","type":"LATENT","links":[9],"shape":3,"slot_index":0}],"properties":{"Node name for S&R":"KSampler"},"widgets_values":[123456792,"fixed",7,1.5,"euler","karras",1]},{"id":54,"type":"KSampler","pos":[1760,1250],"size":{"0":315,"1":474},"flags":{},"order":20,"mode":0,"inputs":[{"name":"model","type":"MODEL","link":null},{"name":"positive","type":"CONDITIONING","link":64},{"name":"negative","type":"CONDITIONING","link":65},{"name":"latent_image","type":"LATENT","link":null,"slot_index":3},{"name":"seed","type":"INT","link":66,"widget":{"name":"seed"}},{"name":"steps","type":"INT","link":67,"widget":{"name":"steps"}},{"name":"cfg","type":"FLOAT","link":68,"widget":{"name":"cfg"}}],"outputs":[{"name":"LATENT","type":"LATENT","links":[69],"shape":3,"slot_index":0}],"properties":{"Node name for S&R":"KSampler"},"widgets_values":[123456792,"fixed",7,1.5,"dpmpp_sde_gpu","karras",1]},{"id":50,"type":"KSampler","pos":[1740,1870],"size":{"0":315,"1":474},"flags":{},"order":19,"mode":0,"inputs":[{"name":"model","type":"MODEL","link":null},{"name":"positive","type":"CONDITIONING","link":57},{"name":"negative","type":"CONDITIONING","link":58},{"name":"latent_image","type":"LATENT","link":null,"slot_index":3},{"name":"seed","type":"INT","link":59,"widget":{"name":"seed"}},{"name":"steps","type":"INT","link":60,"widget":{"name":"steps"}},{"name":"cfg","type":"FLOAT","link":61,"widget":{"name":"cfg"}}],"outputs":[{"name":"LATENT","type":"LATENT","links":[62],"shape":3,"slot_index":0}],"properties":{"Node name for S&R":"KSampler"},"widgets_values":[123456792,"fixed",7,1.5,"dpmpp_sde","karras",1]},{"id":58,"type":"KSampler","pos":[1740,2500],"size":{"0":315,"1":474},"flags":{},"order":21,"mode":0,"inputs":[{"name":"model","type":"MODEL","link":null},{"name":"positive","type":"CONDITIONING","link":71},{"name":"negative","type":"CONDITIONING","link":72},{"name":"latent_image","type":"LATENT","link":null,"slot_index":3},{"name":"seed","type":"INT","link":73,"widget":{"name":"seed"}},{"name":"steps","type":"INT","link":74,"widget":{"name":"steps"}},{"name":"cfg","type":"FLOAT","link":75,"widget":{"name":"cfg"}}],"outputs":[{"name":"LATENT","type":"LATENT","links":[76],"shape":3,"slot_index":0}],"properties":{"Node name for S&R":"KSampler"},"widgets_values":[123456792,"fixed",7,1.5,"lcm","karras",1]},{"id":41,"type":"CLIPSetLastLayer","pos":[360,180],"size":{"0":315,"1":58},"flags":{},"order":6,"mode":0,"inputs":[{"name":"clip","type":"CLIP","link":null}],"outputs":[{"name":"CLIP","type":"CLIP","links":[105,106],"shape":3,"slot_index":0}],"properties":{"Node name for S&R":"CLIPSetLastLayer"},"widgets_values":[-2]},{"id":13,"type":"Anything Everywhere3","pos":[-160,180],"size":{"0":210,"1":66},"flags":{},"order":15,"mode":0,"inputs":[{"name":"MODEL","type":"*","link":82,"color_on":"#B39DDB"},{"name":"CLIP","type":"*","link":104,"color_on":"#FFD500"},{"name":"VAE","type":"*","link":18,"color_on":"#FF6E6E"}],"properties":{"Node name for S&R":"Anything Everywhere3","group_restricted":0,"color_restricted":0},"widgets_values":[]},{"id":42,"type":"PrimitiveNode","pos":[890,710],"size":{"0":210,"1":82},"flags":{},"order":7,"mode":0,"outputs":[{"name":"INT","type":"INT","links":[47,52,59,66,73],"slot_index":0,"widget":{"name":"seed"}}],"title":"Seed","properties":{"Run widget replace on values":false},"widgets_values":[123456792,"fixed"]},{"id":44,"type":"PrimitiveNode","pos":[890,850],"size":{"0":210,"1":82},"flags":{},"order":8,"mode":0,"outputs":[{"name":"INT","type":"INT","links":[48,53,60,67,74],"slot_index":0,"widget":{"name":"steps"}}],"title":"Steps","properties":{"Run widget replace on values":false},"widgets_values":[7,"fixed"]},{"id":45,"type":"PrimitiveNode","pos":[890,1000],"size":{"0":210,"1":82},"flags":{},"order":9,"mode":0,"outputs":[{"name":"FLOAT","type":"FLOAT","links":[49,54,61,68,75],"slot_index":0,"widget":{"name":"cfg"}}],"title":"CFG","properties":{"Run widget replace on values":false},"widgets_values":[1.5,"fixed"]},{"id":1,"type":"CheckpointLoaderSimple","pos":[-810,180],"size":{"0":578.4363403320312,"1":187.03631591796875},"flags":{},"order":10,"mode":0,"outputs":[{"name":"MODEL","type":"MODEL","links":[82],"shape":3,"slot_index":0},{"name":"CLIP","type":"CLIP","links":[104],"shape":3,"slot_index":1},{"name":"VAE","type":"VAE","links":[18],"shape":3,"slot_index":2}],"properties":{"Node name for S&R":"CheckpointLoaderSimple"},"widgets_values":["SDXL/lightning/dreamshaperXL_lightningDPMSDE.safetensors"]},{"id":48,"type":"PreviewImage","pos":[2570,660],"size":{"0":1077.6324462890625,"1":557.5040283203125},"flags":{},"order":33,"mode":0,"inputs":[{"name":"images","type":"IMAGE","link":97}],"properties":{"Node name for S&R":"PreviewImage"}},{"id":52,"type":"PreviewImage","pos":[2560,1870],"size":{"0":1077.6324462890625,"1":557.5040283203125},"flags":{},"order":34,"mode":0,"inputs":[{"name":"images","type":"IMAGE","link":101}],"properties":{"Node name for S&R":"PreviewImage"}},{"id":83,"type":"Note","pos":[-832,420],"size":[631.8292977406201,72.38230136746125],"flags":{},"order":11,"mode":0,"properties":{"text":""},"widgets_values":["dreamshaperXL_lightningDPMSDE.safetensors\n\nhttps://civitai.com/api/download/models/354657?type=Model&format=SafeTensor&size=full&fp=fp16"],"color":"#432","bgcolor":"#653"}],"links":[[3,3,0,5,1,"CONDITIONING"],[4,4,0,5,2,"CONDITIONING"],[9,5,0,9,0,"LATENT"],[18,1,2,13,2,"VAE"],[26,6,0,18,0,"LATENT"],[47,42,0,5,4,"INT"],[48,44,0,5,5,"INT"],[49,45,0,5,6,"FLOAT"],[50,3,0,46,1,"CONDITIONING"],[51,4,0,46,2,"CONDITIONING"],[52,42,0,46,4,"INT"],[53,44,0,46,5,"INT"],[54,45,0,46,6,"FLOAT"],[55,46,0,47,0,"LATENT"],[57,3,0,50,1,"CONDITIONING"],[58,4,0,50,2,"CONDITIONING"],[59,42,0,50,4,"INT"],[60,44,0,50,5,"INT"],[61,45,0,50,6,"FLOAT"],[62,50,0,51,0,"LATENT"],[64,3,0,54,1,"CONDITIONING"],[65,4,0,54,2,"CONDITIONING"],[66,42,0,54,4,"INT"],[67,44,0,54,5,"INT"],[68,45,0,54,6,"FLOAT"],[69,54,0,55,0,"LATENT"],[71,3,0,58,1,"CONDITIONING"],[72,4,0,58,2,"CONDITIONING"],[73,42,0,58,4,"INT"],[74,44,0,58,5,"INT"],[75,45,0,58,6,"FLOAT"],[76,58,0,59,0,"LATENT"],[82,1,0,13,0,"MODEL"],[92,75,0,6,0,"INT"],[93,75,1,6,1,"INT"],[94,9,0,76,0,"IMAGE"],[95,76,0,14,0,"IMAGE"],[96,47,0,77,0,"IMAGE"],[97,77,0,48,0,"IMAGE"],[98,55,0,78,0,"IMAGE"],[99,78,0,56,0,"IMAGE"],[100,51,0,79,0,"IMAGE"],[101,79,0,52,0,"IMAGE"],[102,59,0,80,0,"IMAGE"],[103,80,0,60,0,"IMAGE"],[104,1,1,13,1,"CLIP"],[105,41,0,3,0,"CLIP"],[106,41,0,4,0,"CLIP"]],"groups":[{"title":"EMPTY LATENT","bounding":[260,1330,980,330],"color":"#a1309b","font_size":36},{"title":"CHECKPOINT","bounding":[-870,50,991,483],"color":"#8AA","font_size":36},{"title":"SAMPLER SETTINGS","bounding":[840,600,380,560],"color":"#b06634","font_size":36},{"title":"CONDITIONING","bounding":[260,-70,950,640],"color":"#b58b2a","font_size":36}],"config":{},"extra":{"ds":{"scale":0.2896643797366883,"offset":[2550.998752105036,1167.463258822409]},"workspace_info":{"id":"tvMKQXE6Imcz-WIcehZtK","saveLock":false,"cloudID":null,"coverMediaPath":null}},"version":0.4}