{"last_node_id":38,"last_link_id":9,"nodes":[{"id":13,"type":"ADE_ApplyAnimateDiffModel","pos":[834.6348632072584,268.72101082943897],"size":{"0":319.20001220703125,"1":182},"flags":{},"order":0,"mode":0,"inputs":[{"name":"motion_model","type":"MOTION_MODEL_ADE","link":null},{"name":"motion_lora","type":"MOTION_LORA","link":null},{"name":"scale_multival","type":"MULTIVAL","link":null},{"name":"effect_multival","type":"MULTIVAL","link":null},{"name":"ad_keyframes","type":"AD_KEYFRAMES","link":null},{"name":"prev_m_models","type":"M_MODELS","link":null}],"outputs":[{"name":"M_MODELS","type":"M_MODELS","links":null,"shape":3}],"properties":{"Node name for S&R":"ADE_ApplyAnimateDiffModel"},"widgets_values":[0,1]},{"id":15,"type":"CM_IntBinaryOperation","pos":[1244.634863207258,278.72101082943885],"size":{"0":315,"1":106},"flags":{},"order":1,"mode":0,"outputs":[{"name":"INT","type":"INT","links":null,"shape":3}],"properties":{"Node name for S&R":"CM_IntBinaryOperation"},"widgets_values":["Add",0,0]},{"id":28,"type":"Anything Everywhere3","pos":[2074.6348632072545,1028.721010829435],"size":{"0":210,"1":66},"flags":{},"order":2,"mode":0,"inputs":[{"name":"anything","type":"*","link":null},{"name":"anything","type":"*","link":null},{"name":"anything","type":"*","link":null}],"properties":{"Node name for S&R":"Anything Everywhere3","group_restricted":0,"color_restricted":0},"widgets_values":[]},{"id":19,"type":"ACN_AdvancedControlNetApply","pos":[834.6348632072584,518.7210108294382],"size":{"0":355.20001220703125,"1":286},"flags":{},"order":3,"mode":0,"inputs":[{"name":"positive","type":"CONDITIONING","link":null},{"name":"negative","type":"CONDITIONING","link":null},{"name":"control_net","type":"CONTROL_NET","link":null},{"name":"image","type":"IMAGE","link":null},{"name":"mask_optional","type":"MASK","link":null},{"name":"timestep_kf","type":"TIMESTEP_KEYFRAME","link":null},{"name":"latent_kf_override","type":"LATENT_KEYFRAME","link":null},{"name":"weights_override","type":"CONTROL_NET_WEIGHTS","link":null},{"name":"model_optional","type":"MODEL","link":null},{"name":"vae_optional","type":"VAE","link":null}],"outputs":[{"name":"positive","type":"CONDITIONING","links":null,"shape":3},{"name":"negative","type":"CONDITIONING","links":null,"shape":3},{"name":"model_opt","type":"MODEL","links":null,"shape":3}],"properties":{"Node name for S&R":"ACN_AdvancedControlNetApply"},"widgets_values":[1,0,1]},{"id":23,"type":"Get resolution [Crystools]","pos":[844.6348632072583,898.7210108294369],"size":{"0":210,"1":46},"flags":{},"order":4,"mode":0,"inputs":[{"name":"image","type":"IMAGE","link":null}],"outputs":[{"name":"width","type":"INT","links":null,"shape":3},{"name":"height","type":"INT","links":null,"shape":3}],"properties":{"Node name for S&R":"Get resolution [Crystools]"}},{"id":20,"type":"Text Overlay","pos":[1244.634863207258,468.7210108294381],"size":{"0":400,"1":316.0000305175781},"flags":{},"order":5,"mode":0,"inputs":[{"name":"image","type":"IMAGE","link":null}],"outputs":[{"name":"IMAGE","type":"IMAGE","links":null,"shape":3}],"properties":{"Node name for S&R":"Text Overlay"},"widgets_values":["Hello",32,"ariblk.ttf","#FFFFFF","#000000",0.2,16,"center","bottom",0,0]},{"id":24,"type":"Prepare Image Plus (JPS)","pos":[1244.634863207258,858.7210108294373],"size":{"0":315,"1":418},"flags":{},"order":6,"mode":0,"inputs":[{"name":"image","type":"IMAGE","link":null}],"outputs":[{"name":"IMAGE","type":"IMAGE","links":null,"shape":3}],"properties":{"Node name for S&R":"Prepare Image Plus (JPS)"},"widgets_values":[1024,1024,0,0,0,0,0,0,0,0,0,0,"lanczos",0,"Crop","No"]},{"id":16,"type":"INPAINT_ApplyFooocusInpaint","pos":[1644.6348632072572,278.72101082943885],"size":{"0":210,"1":66},"flags":{},"order":7,"mode":0,"inputs":[{"name":"model","type":"MODEL","link":null},{"name":"patch","type":"INPAINT_PATCH","link":null},{"name":"latent","type":"LATENT","link":null}],"outputs":[{"name":"MODEL","type":"MODEL","links":null,"shape":3}],"properties":{"Node name for S&R":"INPAINT_ApplyFooocusInpaint"}},{"id":17,"type":"IPAdapterAdvanced","pos":[1914.6348632072563,268.72101082943897],"size":{"0":315,"1":278},"flags":{},"order":8,"mode":0,"inputs":[{"name":"model","type":"MODEL","link":null},{"name":"ipadapter","type":"IPADAPTER","link":null},{"name":"image","type":"IMAGE","link":null},{"name":"image_negative","type":"IMAGE","link":null},{"name":"attn_mask","type":"MASK","link":null},{"name":"clip_vision","type":"CLIP_VISION","link":null}],"outputs":[{"name":"MODEL","type":"MODEL","links":null,"shape":3}],"properties":{"Node name for S&R":"IPAdapterAdvanced"},"widgets_values":[1,"linear","concat",0,1,"V only"]},{"id":21,"type":"VHS_VideoCombine","pos":[1694.6348632072568,618.7210108294382],"size":{"0":320,"1":238},"flags":{},"order":9,"mode":0,"inputs":[{"name":"images","type":"IMAGE","link":null},{"name":"audio","type":"VHS_AUDIO","link":null},{"name":"meta_batch","type":"VHS_BatchManager","link":null},{"name":"vae","type":"VAE","link":null}],"outputs":[{"name":"Filenames","type":"VHS_FILENAMES","links":null,"shape":3}],"properties":{"Node name for S&R":"VHS_VideoCombine"},"widgets_values":{"frame_rate":8,"loop_count":0,"filename_prefix":"AnimateDiff","format":"image/gif","pingpong":false,"save_output":false,"videopreview":{"hidden":false,"paused":false,"params":{}}}},{"id":22,"type":"CannyEdgePreprocessor","pos":[2044.6348632072543,608.7210108294382],"size":{"0":480,"1":110},"flags":{},"order":10,"mode":0,"inputs":[{"name":"image","type":"IMAGE","link":null}],"outputs":[{"name":"IMAGE","type":"IMAGE","links":null,"shape":3}],"properties":{"Node name for S&R":"CannyEdgePreprocessor"},"widgets_values":[100,200,512]},{"id":25,"type":"Note Plus (mtb)","pos":{"0":1694.63427734375,"1":898.7208251953125,"2":0,"3":0,"4":0,"5":0,"6":0,"7":0,"8":0,"9":0},"size":{"0":310,"1":220},"flags":{},"order":11,"mode":0,"inputs":[],"outputs":[],"title":"Unnamed","properties":{},"widgets_values":["## Note+","markdown","","one_dark"],"color":"#432","bgcolor":"#653","shape":1},{"id":10,"type":"Note","pos":[189,425],"size":{"0":533.4473876953125,"1":333.75299072265625},"flags":{},"order":12,"mode":0,"properties":{"text":""},"widgets_values":["Red nodes indicate missing custom nodes.\n\nTo install missing custom nodes:\n\n- Click on 'Manager' in the main toolbar.\n\n- Click 'Install Missing Custom Nodes'\n\n- Select all the missing packages.\n\n- Click 'Install'\n\n- Check the progress in your Terminal.\n\n- When all the packages are installed, restart the ComfyUI server.\n\n- Refresh the ComfyUI page in your web browser."],"color":"#432","bgcolor":"#653"}],"links":[],"groups":[{"title":"CUSTOM NODES (see 'note' for instructions)","bounding":[44,29,2720,1500],"color":"#A88","font_size":128}],"config":{},"extra":{"workspace_info":{"id":"0onLbZNMYEFWF97Ip7iL3","saveLock":false,"cloudID":null,"coverMediaPath":null},"ds":{"scale":0.6209213230591558,"offset":{"0":629.4897185707628,"1":221.0696327261509}}},"version":0.4}