{"last_node_id":46,"last_link_id":9,"nodes":[{"id":41,"type":"Note Plus (mtb)","pos":{"0":1125,"1":1189,"2":0,"3":0,"4":0,"5":0,"6":0,"7":0,"8":0,"9":0},"size":{"0":1931.620361328125,"1":338.2644348144531},"flags":{},"order":0,"mode":0,"inputs":[],"outputs":[],"title":"Unnamed","properties":{},"widgets_values":["<h1>CONTROL NET MODELS (SD 1.5)</h1>\n<h2> Use Model Manager (or download from huggingface.co)</h2>\n\n\n<table border=\"1\">\n<tbody><tr>\n<td>ControlNet Models (SD 1.5)</td>\n<td>Base Model</td>\n<td>Model Page</td>\n<td>Install to:</td>\n<td>Size</td>\n<td>Direct Download URL</td>\n<td>Model Manager Search Keywords</td>\n</tr>\n<tr>\n<td>Canny</td>\n<td>SD 1.5</td>\n<td><a href=\"https://huggingface.co/comfyanonymous/ControlNet-v1-1_fp16_safetensors/tree/main\">control_v11p_sd15_canny_fp16.safetensors</a></td>\n<td>ComfyUI/models/controlnet/</td>\n<td>723 MB</td>\n<td><a href=\"https://huggingface.co/comfyanonymous/ControlNet-v1-1_fp16_safetensors/resolve/main/control_v11p_sd15_canny_fp16.safetensors?download=true\">https://huggingface.co/comfyanonymous/ControlNet-v1-1_fp16_safetensors/resolve/main/control_v11p_sd15_canny_fp16.safetensors?download=true</a></td>\n<td>control_v11 canny</td>\n</tr>\n<tr>\n<td>Depth</td>\n<td>SD 1.5</td>\n<td><a href=\"https://huggingface.co/comfyanonymous/ControlNet-v1-1_fp16_safetensors/tree/main\">control_v11f1p_sd15_depth_fp16.safetensors</a></td>\n<td>ComfyUI/models/controlnet/</td>\n<td>723 MB</td>\n<td><a href=\"https://huggingface.co/comfyanonymous/ControlNet-v1-1_fp16_safetensors/resolve/main/control_v11f1p_sd15_depth_fp16.safetensors?download=true\">https://huggingface.co/comfyanonymous/ControlNet-v1-1_fp16_safetensors/resolve/main/control_v11f1p_sd15_depth_fp16.safetensors?download=true</a></td>\n<td>control_v11 depth</td>\n</tr>\n<tr>\n<td>OpenPose</td>\n<td>SD 1.5</td>\n<td><a href=\"https://huggingface.co/comfyanonymous/ControlNet-v1-1_fp16_safetensors/tree/main\">control_v11p_sd15_openpose_fp16.safetensors</a></td>\n<td>ComfyUI/models/controlnet/</td>\n<td>723 MB</td>\n<td><a href=\"https://huggingface.co/comfyanonymous/ControlNet-v1-1_fp16_safetensors/resolve/main/control_v11p_sd15_openpose_fp16.safetensors?download=true\">https://huggingface.co/comfyanonymous/ControlNet-v1-1_fp16_safetensors/resolve/main/control_v11p_sd15_openpose_fp16.safetensors?download=true</a></td>\n<td>control_v11 openpose</td>\n</tr>\n</tbody></table>\n","markdown","","one_dark"],"color":"#432","bgcolor":"#653","shape":1},{"id":30,"type":"Note Plus (mtb)","pos":{"0":1391,"1":53,"2":0,"3":0,"4":0,"5":0,"6":0,"7":0,"8":0,"9":0},"size":{"0":1426.78759765625,"1":268.29058837890625},"flags":{},"order":1,"mode":0,"inputs":[],"outputs":[],"title":"Unnamed","properties":{},"widgets_values":["<h1>LORA Models</h1>\n<h2> Download from civitai.com</h2>\n\n<table border=\"1\">\n<tbody><tr>\n<td>LORA</td>\n<td>Base Model</td>\n<td>Model Page</td>\n<td>Install to:</td>\n<td>Size</td>\n<td>Direct Download URL</td>\n</tr>\n<tr>\n<td>Aether_Bubbles_and_Foam</td>\n<td>SDXL</td>\n<td><a href=\"https://civitai.com/models/170188?modelVersionId=191245\">v1.0</a></td>\n<td>ComfyUI/models/loras/SDXL</td>\n<td>650 MB</td>\n<td><a href=\"https://civitai.com/api/download/models/191245?type=Model&amp;format=SafeTensor\">https://civitai.com/api/download/models/191245?type=Model&amp;format=SafeTensor</a></td>\n</tr>\n<tr>\n<td>Graphic Portrait</td>\n<td>SDXL</td>\n<td><a href=\"https://civitai.com/models/170039/graphic-portrait-illustration\">SDXL v1.0</a></td>\n<td>ComfyUI/models/loras/SDXL</td>\n<td>320 MB</td>\n<td><a href=\"https://civitai.com/api/download/models/191091?type=Model&amp;format=SafeTensor\">https://civitai.com/api/download/models/191091?type=Model&amp;format=SafeTensor</a></td>\n</tr>\n</tbody></table>\n","markdown","","one_dark"],"color":"#432","bgcolor":"#653","shape":1},{"id":33,"type":"Note Plus (mtb)","pos":{"0":1389,"1":343,"2":0,"3":0,"4":0,"5":0,"6":0,"7":0,"8":0,"9":0},"size":{"0":1427.475341796875,"1":278.7998352050781},"flags":{},"order":2,"mode":0,"inputs":[],"outputs":[],"title":"Unnamed","properties":{},"widgets_values":["<h1>FOOOCUS INPAINT MODELS</h1>\n<h2> Download from huggingface.co</h2>\n\n<table border=\"1\">\n<tbody><tr>\n<td>Inpaint Models</td>\n<td>Base Model</td>\n<td>Model Page</td>\n<td>Install to:</td>\n<td>Size</td>\n<td>Direct Download URL</td>\n</tr>\n<tr>\n<td>Fooocus Inpaint Head</td>\n<td>SDXL</td>\n<td><a href=\"https://huggingface.co/lllyasviel/fooocus_inpaint/tree/main\">fooocus_inpaint_head.pth</a></td>\n<td>ComfyUI/models/inpaint/SDXL</td>\n<td>54 KB</td>\n<td><a href=\"https://huggingface.co/lllyasviel/fooocus_inpaint/resolve/main/fooocus_inpaint_head.pth?download=true\">https://huggingface.co/lllyasviel/fooocus_inpaint/resolve/main/fooocus_inpaint_head.pth?download=true</a></td>\n</tr>\n<tr>\n<td>Fooocus Inpaint Patch</td>\n<td>SDXL</td>\n<td><a href=\"https://huggingface.co/lllyasviel/fooocus_inpaint/tree/main\">inpaint_v26.patch</a></td>\n<td>ComfyUI/models/inpaint/SDXL</td>\n<td>1.32 GB</td>\n<td><a href=\"https://huggingface.co/lllyasviel/fooocus_inpaint/resolve/main/inpaint_v26.fooocus.patch?download=true\">https://huggingface.co/lllyasviel/fooocus_inpaint/resolve/main/inpaint_v26.fooocus.patch?download=true</a></td>\n</tr>\n</tbody></table>\n","markdown","","one_dark"],"color":"#432","bgcolor":"#653","shape":1},{"id":37,"type":"Note Plus (mtb)","pos":{"0":1133,"1":713,"2":0,"3":0,"4":0,"5":0,"6":0,"7":0,"8":0,"9":0},"size":{"0":1926.4483642578125,"1":429.1893310546875},"flags":{},"order":3,"mode":0,"inputs":[],"outputs":[],"title":"Unnamed","properties":{},"widgets_values":["<h1>CONTROL NET MODELS (SDXL)</h1>\n<h2> Download from huggingface.co</h2>\n<table border=\"1\">\n<tbody><tr>\n<td>ControlNet Models (SDXL)</td>\n<td>Base Model</td>\n<td>Model Page</td>\n<td>Install to:</td>\n<td>Size</td>\n<td>Direct Download URL</td>\n<td>Model Manager Search Keywords</td>\n</tr>\n<tr>\n<td>Canny</td>\n<td>SDXL</td>\n<td><a href=\"https://huggingface.co/stabilityai/control-lora/tree/main/control-LoRAs-rank256\">control-lora-canny-rank256.safetensors</a></td>\n<td>ComfyUI/models/controlnet/</td>\n<td>774 MB</td>\n<td>Install not required (installed by default by ComfyUI).</td>\n<td>control-lora rank256</td>\n</tr>\n<tr>\n<td>Depth</td>\n<td>SDXL</td>\n<td><a href=\"https://huggingface.co/stabilityai/control-lora/tree/main/control-LoRAs-rank256\">control-lora-depth-rank256.safetensors</a></td>\n<td>ComfyUI/models/controlnet/</td>\n<td>774 MB</td>\n<td>Install not required (installed by default by ComfyUI).</td>\n<td>control-lora rank256</td>\n</tr>\n<tr>\n<td>Recolor</td>\n<td>SDXL</td>\n<td><a href=\"https://huggingface.co/stabilityai/control-lora/tree/main/control-LoRAs-rank256\">control-lora-recolor-rank256.safetensors\n</a></td>\n<td>ComfyUI/models/controlnet/</td>\n<td>774 MB</td>\n<td>Install not required (installed by default by ComfyUI).</td>\n<td>control-lora rank256</td>\n</tr>\n<tr>\n<td>Sketch</td>\n<td>SDXL</td>\n<td><a href=\"https://huggingface.co/stabilityai/control-lora/tree/main/control-LoRAs-rank256\">control-lora-sketch-rank256.safetensors\n</a></td>\n<td>ComfyUI/models/controlnet/</td>\n<td>774 MB</td>\n<td>Install not required (installed by default by ComfyUI).</td>\n<td>control-lora rank256</td>\n</tr>\n<tr>\n<td>OpenPose</td>\n<td>SDXL</td>\n<td><a href=\"https://huggingface.co/thibaud/controlnet-openpose-sdxl-1.0/tree/main\">control-lora-openposeXL2-rank256.safetensors</a></td>\n<td>ComfyUI/models/controlnet/</td>\n<td>774 MB</td>\n<td><a href=\"https://huggingface.co/thibaud/controlnet-openpose-sdxl-1.0/resolve/main/control-lora-openposeXL2-rank256.safetensors?download=true\">https://huggingface.co/thibaud/controlnet-openpose-sdxl-1.0/resolve/main/control-lora-openposeXL2-rank256.safetensors?download=true</a></td>\n<td>openposexl2 - Old 5GB version - do not use Model Manager!</td>\n</tr>\n</tbody></table>\n","markdown","","one_dark"],"color":"#432","bgcolor":"#653","shape":1},{"id":34,"type":"Note Plus (mtb)","pos":{"0":974,"1":1611,"2":0,"3":0,"4":0,"5":0,"6":0,"7":0,"8":0,"9":0},"size":{"0":2252.01953125,"1":637.6957397460938},"flags":{},"order":4,"mode":0,"inputs":[],"outputs":[],"title":"Unnamed","properties":{},"widgets_values":["<h1>IP ADAPTER MODELS</h1>\n<h2> Use Model Manager (or download from huggingface.co)</h2>\n\n<table border=\"1\">\n<tbody><tr>\n<td>IPAdapter Models</td>\n<td>Base Model</td>\n<td>Model Page</td>\n<td>Install to:</td>\n<td>Size</td>\n<td>Direct Download URL</td>\n<td>Model Manager Search Keywords</td>\n</tr>\n<tr>\n<td>IP-Adapter</td>\n<td>SD 1.5</td>\n<td><a href=\"https://huggingface.co/h94/IP-Adapter/tree/main/models\">ip-adapter_sd15.safetensors</a></td>\n<td>ComfyUI/models/ipadapter/</td>\n<td>45 MB</td>\n<td><a href=\"https://huggingface.co/h94/IP-Adapter/resolve/main/models/ip-adapter_sd15.safetensors?download=true\">https://huggingface.co/h94/IP-Adapter/resolve/main/models/ip-adapter_sd15.safetensors?download=true</a></td>\n<td>comfyui ipadapter plus</td>\n</tr>\n<tr>\n<td>IP-Adapter VIT-G</td>\n<td>SD 1.5</td>\n<td><a href=\"https://huggingface.co/h94/IP-Adapter/tree/main/models\">ip-adapter_sd15_vit-G.safetensors</a></td>\n<td>ComfyUI/models/ipadapter/</td>\n<td>45 MB</td>\n<td><a href=\"https://huggingface.co/h94/IP-Adapter/resolve/main/models/ip-adapter_sd15_vit-G.safetensors?download=true\">https://huggingface.co/h94/IP-Adapter/resolve/main/models/ip-adapter_sd15_vit-G.safetensors?download=true</a></td>\n<td>comfyui ipadapter plus</td>\n</tr>\n<tr>\n<td>IP-Adapter Light</td>\n<td>SD 1.5</td>\n<td><a href=\"https://huggingface.co/h94/IP-Adapter/tree/main/models\">ip-adapter_sd15_light_v11.bin</a></td>\n<td>ComfyUI/models/ipadapter/</td>\n<td>45 MB</td>\n<td><a href=\"https://huggingface.co/h94/IP-Adapter/resolve/main/models/ip-adapter_sd15_light_v11.bin?download=true\">https://huggingface.co/h94/IP-Adapter/resolve/main/models/ip-adapter_sd15_light_v11.bin?download=true</a></td>\n<td>comfyui ipadapter plus</td>\n</tr>\n<tr>\n<td>IP-Adapter Full Face</td>\n<td>SD 1.5</td>\n<td><a href=\"https://huggingface.co/h94/IP-Adapter/tree/main/models\">ip-adapter-full-face_sd15.safetensors</a></td>\n<td>ComfyUI/models/ipadapter/</td>\n<td>45 MB</td>\n<td><a href=\"https://huggingface.co/h94/IP-Adapter/resolve/main/models/ip-adapter-full-face_sd15.safetensors?download=true\">https://huggingface.co/h94/IP-Adapter/resolve/main/models/ip-adapter-full-face_sd15.safetensors?download=true</a></td>\n<td>comfyui ipadapter plus</td>\n</tr>\n<tr>\n<td>IP-Adapter Plus</td>\n<td>SD 1.5</td>\n<td><a href=\"https://huggingface.co/h94/IP-Adapter/tree/main/models\">ip-adapter-plus_sd15.safetensors</a></td>\n<td>ComfyUI/models/ipadapter/</td>\n<td>158 MB</td>\n<td><a href=\"https://huggingface.co/h94/IP-Adapter/resolve/main/models/ip-adapter-plus_sd15.safetensors?download=true\">https://huggingface.co/h94/IP-Adapter/resolve/main/models/ip-adapter-plus_sd15.safetensors?download=true</a></td>\n<td>comfyui ipadapter plus</td>\n</tr>\n<tr>\n<td>IP-Adapter Plus Face</td>\n<td>SD 1.5</td>\n<td><a href=\"https://huggingface.co/h94/IP-Adapter/tree/main/models\">ip-adapter-plus-face_sd15.safetensors</a></td>\n<td>ComfyUI/models/ipadapter/</td>\n<td>98 MB</td>\n<td><a href=\"https://huggingface.co/h94/IP-Adapter/resolve/main/models/ip-adapter-plus-face_sd15.safetensors?download=true\">https://huggingface.co/h94/IP-Adapter/resolve/main/models/ip-adapter-plus-face_sd15.safetensors?download=true</a></td>\n<td>comfyui ipadapter plus</td>\n</tr>\n<tr>\n<td>IP-Adapter Plus Composition</td>\n<td>SD 1.5</td>\n<td><a href=\"https://huggingface.co/ostris/ip-composition-adapter/tree/main\">ip_plus_composition_sd15.safetensors</a></td>\n<td>ComfyUI/models/ipadapter/</td>\n<td>848 MB</td>\n<td><a href=\"https://huggingface.co/ostris/ip-composition-adapter/resolve/main/ip_plus_composition_sdxl.safetensors?download=true\">https://huggingface.co/ostris/ip-composition-adapter/resolve/main/ip_plus_composition_sdxl.safetensors?download=true</a></td>\n<td>comfyui ipadapter plus</td>\n</tr>\n<tr>\n<td>IP-Adapter</td>\n<td>SDXL</td>\n<td><a href=\"https://huggingface.co/h94/IP-Adapter/tree/main/sdxl_models\">ip-adapter_sdxl.safetensors</a></td>\n<td>ComfyUI/models/ipadapter/</td>\n<td>700 MB</td>\n<td><a href=\"https://huggingface.co/h94/IP-Adapter/resolve/main/sdxl_models/ip-adapter_sdxl.safetensors?download=true\">https://huggingface.co/h94/IP-Adapter/resolve/main/sdxl_models/ip-adapter_sdxl.safetensors?download=true</a></td>\n<td>comfyui ipadapter plus</td>\n</tr>\n<tr>\n<td>IP-Adapter Plus Composition</td>\n<td>SDXL</td>\n<td><a href=\"https://huggingface.co/ostris/ip-composition-adapter/tree/main\">ip_plus_composition_sdxl.safetensors</a></td>\n<td>ComfyUI/models/ipadapter/</td>\n<td>100 MB</td>\n<td><a href=\"https://huggingface.co/ostris/ip-composition-adapter/resolve/main/ip_plus_composition_sd15.safetensors?download=true\">https://huggingface.co/ostris/ip-composition-adapter/resolve/main/ip_plus_composition_sd15.safetensors?download=true</a></td>\n<td>comfyui ipadapter plus</td>\n</tr>\n<tr>\n<td>IP-Adpater Plus</td>\n<td>SDXL</td>\n<td><a href=\"https://huggingface.co/h94/IP-Adapter/tree/main/sdxl_models\">ip-adapter-plus_sdxl_vit-h.safetensors</a></td>\n<td>ComfyUI/models/ipadapter/</td>\n<td>848 MB</td>\n<td><a href=\"https://huggingface.co/h94/IP-Adapter/resolve/main/sdxl_models/ip-adapter-plus_sdxl_vit-h.safetensors?download=true\">https://huggingface.co/h94/IP-Adapter/resolve/main/sdxl_models/ip-adapter-plus_sdxl_vit-h.safetensors?download=true</a></td>\n<td>ip-adapter _vit-h</td>\n</tr>\n<tr>\n<td>IP-Adapter Plus Face</td>\n<td>SDXL</td>\n<td><a href=\"https://huggingface.co/h94/IP-Adapter/tree/main/sdxl_models\">ip-adapter-plus-face_sdxl_vit-h.safetensors</a></td>\n<td>ComfyUI/models/ipadapter/</td>\n<td>848 MB</td>\n<td><a href=\"https://huggingface.co/h94/IP-Adapter/resolve/main/sdxl_models/ip-adapter-plus-face_sdxl_vit-h.safetensors?download=true\">https://huggingface.co/h94/IP-Adapter/resolve/main/sdxl_models/ip-adapter-plus-face_sdxl_vit-h.safetensors?download=true</a></td>\n<td>ip-adapter _vit-h</td>\n</tr>\n<tr>\n<td>IP-Adapter VIT-H</td>\n<td>SDXL</td>\n<td><a href=\"https://huggingface.co/h94/IP-Adapter/tree/main/sdxl_models\">ip-adapter_sdxl_vit-h.safetensors</a></td>\n<td>ComfyUI/models/ipadapter/</td>\n<td>698 MB</td>\n<td><a href=\"https://huggingface.co/h94/IP-Adapter/resolve/main/sdxl_models/ip-adapter_sdxl_vit-h.safetensors?download=true\">https://huggingface.co/h94/IP-Adapter/resolve/main/sdxl_models/ip-adapter_sdxl_vit-h.safetensors?download=true</a></td>\n<td>ip-adapter _vit-h</td>\n</tr>\n<tr>\n<td>CLIP Vision ViT-H</td>\n<td>SD 1.5</td>\n<td><a href=\"https://huggingface.co/h94/IP-Adapter/tree/main/models/image_encoder\">CLIP-ViT-H-14-laion2B-s32B-b79K.safetensors</a></td>\n<td>ComfyUI/models/clip_vision</td>\n<td>2.53GB</td>\n<td><a href=\"https://huggingface.co/h94/IP-Adapter/resolve/main/models/image_encoder/model.safetensors?download=true\">https://huggingface.co/h94/IP-Adapter/resolve/main/models/image_encoder/model.safetensors?download=true</a></td>\n<td>CLIPVision model (IP-Adapter)</td>\n</tr>\n<tr>\n<td>CLIP Vision ViT-bigG</td>\n<td>SDXL</td>\n<td><a href=\"https://huggingface.co/h94/IP-Adapter/tree/main/sdxl_models/image_encoder\">CLIP-ViT-bigG-14-laion2B-39B-b160k.safetensors</a></td>\n<td>ComfyUI/models/clip_vision</td>\n<td>3.69GB</td>\n<td><a href=\"https://huggingface.co/h94/IP-Adapter/resolve/main/sdxl_models/image_encoder/model.safetensors?download=true\">https://huggingface.co/h94/IP-Adapter/resolve/main/sdxl_models/image_encoder/model.safetensors?download=true</a></td>\n<td>CLIPVision model (IP-Adapter)</td>\n</tr>\n</tbody></table>\n","markdown","","one_dark"],"color":"#432","bgcolor":"#653","shape":1},{"id":38,"type":"Note Plus (mtb)","pos":{"0":973,"1":2300,"2":0,"3":0,"4":0,"5":0,"6":0,"7":0,"8":0,"9":0},"size":{"0":2255.20849609375,"1":218.44956970214844},"flags":{},"order":5,"mode":0,"inputs":[],"outputs":[],"title":"Unnamed","properties":{},"widgets_values":["<h1>ANIMATE DIFF MOTION MODELS</h1>\n<h2> Use Model Manager (or download from huggingface.co)</h2>\n\n<table border=\"1\">\n<tbody><tr>\n<td>Animate Diff Models</td>\n<td></td>\n<td>Model Page</td>\n<td>Install to:</td>\n<td>Size</td>\n<td>Direct Download URL</td>\n<td>Model Manager Search Keywords</td>\n</tr>\n<tr>\n<td>AnimateDiff Evolved Motion Model</td>\n<td>SD15</td>\n<td><a href=\"https://huggingface.co/guoyww/animatediff/tree/main\">v3_sd15_mm.ckpt</a></td>\n<td>ComfyUI/models/animatediff_models</td>\n<td>1.67 GB</td>\n<td><a href=\"https://huggingface.co/guoyww/animatediff/resolve/main/v3_sd15_mm.ckpt?download=true\">https://huggingface.co/guoyww/animatediff/resolve/main/v3_sd15_mm.ckpt?download=true</a></td>\n<td>sd15_mm</td>\n</tr>\n</tbody></table>\n","markdown","","one_dark"],"color":"#432","bgcolor":"#653","shape":1},{"id":42,"type":"Note Plus (mtb)","pos":{"0":980,"1":2571,"2":0,"3":0,"4":0,"5":0,"6":0,"7":0,"8":0,"9":0},"size":{"0":2252.9619140625,"1":438.5337829589844},"flags":{},"order":6,"mode":0,"inputs":[],"outputs":[],"title":"Unnamed","properties":{},"widgets_values":["<h1>UPSCALER MODELS</h1>\n<h2> Use Model Manager (or download from huggingface.co)</h2>\n\n<table border=\"1\">\n<tbody><tr>\n<td>Upscaler Models</td>\n<td>Base Model</td>\n<td>Model Page</td>\n<td>Install to:</td>\n<td>Size</td>\n<td>Direct Download URL</td>\n<td>Model Manager Search Keywords</td>\n</tr>\n<tr>\n<td>4x-AnimeSharp</td>\n<td>--</td>\n<td><a href=\"https://huggingface.co/Kim2091/AnimeSharp/\">4x-AnimeSharp</a></td>\n<td>ComfyUI/models/upscale_models/</td>\n<td>67 MB</td>\n<td><a href=\"https://huggingface.co/Kim2091/AnimeSharp/resolve/main/4x-AnimeSharp.pth?download=true\">https://huggingface.co/Kim2091/AnimeSharp/resolve/main/4x-AnimeSharp.pth?download=true</a></td>\n<td>upscaler model</td>\n</tr>\n<tr>\n<td>4x-UltraSharp</td>\n<td>--</td>\n<td><a href=\"https://huggingface.co/Kim2091/UltraSharp/\">4x-UltraSharp</a></td>\n<td>ComfyUI/models/upscale_models/</td>\n<td>67 MB</td>\n<td><a href=\"https://huggingface.co/Kim2091/UltraSharp/resolve/main/4x-UltraSharp.pth?download=true\">https://huggingface.co/Kim2091/UltraSharp/resolve/main/4x-UltraSharp.pth?download=true</a></td>\n<td>upscaler model</td>\n</tr>\n<tr>\n<td>4x_foolhardy_Remacri</td>\n<td>--</td>\n<td><a href=\"https://huggingface.co/FacehugmanIII/4x_foolhardy_Remacri\">4x_foolhardy_Remacri</a></td>\n<td>ComfyUI/models/upscale_models/</td>\n<td>67 MB</td>\n<td><a href=\"https://huggingface.co/FacehugmanIII/4x_foolhardy_Remacri/resolve/main/4x_foolhardy_Remacri.pth\">https://huggingface.co/FacehugmanIII/4x_foolhardy_Remacri/resolve/main/4x_foolhardy_Remacri.pth</a></td>\n<td>upscaler model</td>\n</tr>\n<tr>\n<td>4x_NMKD-Siax_200k</td>\n<td>--</td>\n<td><a href=\"https://huggingface.co/gemasai/4x_NMKD-Siax_200k\">4x_NMKD-Siax_200k</a></td>\n<td>ComfyUI/models/upscale_models/</td>\n<td>67 MB</td>\n<td><a href=\"https://huggingface.co/gemasai/4x_NMKD-Siax_200k/resolve/main/4x_NMKD-Siax_200k.pth\">https://huggingface.co/gemasai/4x_NMKD-Siax_200k/resolve/main/4x_NMKD-Siax_200k.pth</a></td>\n<td>upscaler model</td>\n</tr>\n<tr>\n<td>8x_NMKD-Faces_160000_G</td>\n<td>--</td>\n<td><a href=\"https://huggingface.co/gemasai/8x_NMKD-Faces_160000_G/tree/main\">8x_NMKD-Faces_160000_G</a></td>\n<td>ComfyUI/models/upscale_models/</td>\n<td>67 MB</td>\n<td><a href=\"https://huggingface.co/gemasai/8x_NMKD-Faces_160000_G/resolve/main/8x_NMKD-Faces_160000_G.pth\">https://huggingface.co/gemasai/8x_NMKD-Faces_160000_G/resolve/main/8x_NMKD-Faces_160000_G.pth</a></td>\n<td>upscaler model</td>\n</tr>\n<tr>\n<td>8x_NMKD-Superscale_150000_G</td>\n<td>--</td>\n<td><a href=\"https://huggingface.co/uwg/upscaler\">8x_NMKD-Superscale_150000_G</a></td>\n<td>ComfyUI/models/upscale_models/</td>\n<td>67 MB</td>\n<td><a href=\"https://huggingface.co/gemasai/8x_NMKD-Faces_160000_G/resolve/main/8x_NMKD-Faces_160000_G.pth\">https://huggingface.co/gemasai/8x_NMKD-Faces_160000_G/resolve/main/8x_NMKD-Faces_160000_G.pth</a></td>\n<td>upscaler model</td>\n</tr>\n<tr>\n<td>ESRGAN x4</td>\n<td>--</td>\n<td><a href=\"https://huggingface.co/Afizi/ESRGAN_4x.pth\">ESRGAN x4</a></td>\n<td>ComfyUI/models/upscale_models/</td>\n<td>67 MB</td>\n<td><a href=\"https://huggingface.co/Afizi/ESRGAN_4x.pth/resolve/main/ESRGAN_4x.pth\">https://huggingface.co/Afizi/ESRGAN_4x.pth/resolve/main/ESRGAN_4x.pth</a></td>\n<td>upscaler model</td>\n</tr>\n<tr>\n<td>RealESRGAN x2</td>\n<td>--</td>\n<td><a href=\"https://huggingface.co/ai-forever/Real-ESRGAN\">RealESRGAN x2</a></td>\n<td>ComfyUI/models/upscale_models/</td>\n<td>67 MB</td>\n<td><a href=\"https://huggingface.co/ai-forever/Real-ESRGAN/resolve/main/RealESRGAN_x2.pth\">https://huggingface.co/ai-forever/Real-ESRGAN/resolve/main/RealESRGAN_x2.pth</a></td>\n<td>upscaler model</td>\n</tr>\n<tr>\n<td>RealESRGAN x4</td>\n<td>--</td>\n<td><a href=\"https://huggingface.co/ai-forever/Real-ESRGAN\">RealESRGAN x4</a></td>\n<td>ComfyUI/models/upscale_models/</td>\n<td>67 MB</td>\n<td><a href=\"https://huggingface.co/ai-forever/Real-ESRGAN/resolve/main/RealESRGAN_x4.pth\">https://huggingface.co/ai-forever/Real-ESRGAN/resolve/main/RealESRGAN_x4.pth</a></td>\n<td>upscaler model</td>\n</tr>\n</tbody></table>","markdown","","one_dark"],"color":"#432","bgcolor":"#653","shape":1},{"id":29,"type":"Note Plus (mtb)","pos":{"0":1392,"1":-275,"2":0,"3":0,"4":0,"5":0,"6":0,"7":0,"8":0,"9":0},"size":{"0":1423.1632080078125,"1":303.6549072265625},"flags":{},"order":7,"mode":0,"inputs":[],"outputs":[],"title":"Unnamed","properties":{},"widgets_values":["<h1> CHECKPOINTS</h1>\n<h2> Download from civitai.com</h2>\n\n<table border=\"1\">\n<tbody><tr>\n<td>Checkpoints</td>\n<td>Base Model</td>\n<td>Model Page</td>\n<td>Install to:</td>\n<td>Size</td>\n<td>Direct Download URL</td>\n</tr>\n<tr>\n<td>Dreamshaper XL Lightning</td>\n<td>SDXL</td>\n<td><a href=\"https://civitai.com/models/112902?modelVersionId=354657\">Lightning DPM++ SDE</a></td>\n<td>ComfyUI/models/checkpoints/SDXL/Lightning/</td>\n<td>6.46 GB</td>\n<td><a href=\"https://civitai.com/api/download/models/354657?type=Model&amp;format=SafeTensor&amp;size=full&amp;fp=fp16\">https://civitai.com/api/download/models/354657?type=Model&amp;format=SafeTensor&amp;size=full&amp;fp=fp16</a></td>\n</tr>\n<tr>\n<td>Juggernaut XL Lightning</td>\n<td>SDXL</td>\n<td><a href=\"https://civitai.com/models/133005?modelVersionId=357609\">V9+RDPhoto2-Lightning_4s</a></td>\n<td>ComfyUI/models/checkpoints/SDXL/Lightning/</td>\n<td>6.62 GB</td>\n<td><a href=\"https://civitai.com/api/download/models/357609?type=Model&amp;format=SafeTensor&amp;size=full&amp;fp=fp16\">https://civitai.com/api/download/models/357609?type=Model&amp;format=SafeTensor&amp;size=full&amp;fp=fp16</a></td>\n</tr>\n<tr>\n<td>Dreamshaper</td>\n<td>SD 1.5</td>\n<td><a href=\"https://civitai.com/models/4384?modelVersionId=128713\">v8</a></td>\n<td>ComfyUI/models/checkpoints/SD15/</td>\n<td>1.99 GB</td>\n<td><a href=\"https://civitai.com/api/download/models/128713?type=Model&amp;format=SafeTensor&amp;size=pruned&amp;fp=fp16\">https://civitai.com/api/download/models/128713?type=Model&amp;format=SafeTensor&amp;size=pruned&amp;fp=fp16</a></td>\n</tr>\n</tbody></table>\n","markdown","<h1> Hi mom </h1>","one_dark"],"color":"#432","bgcolor":"#653","shape":1}],"links":[],"groups":[],"config":{},"extra":{"workspace_info":{"id":"Q0leiEOuZXIUrU_we9X8L","saveLock":false,"cloudID":null,"coverMediaPath":null},"ds":{"scale":0.38554328942953164,"offset":{"0":1307.3926282012192,"1":265.0497416792658}}},"version":0.4}