{"last_node_id":133,"last_link_id":211,"nodes":[{"id":10,"type":"CLIPSetLastLayer","pos":[1840,750],"size":{"0":315,"1":58},"flags":{},"order":11,"mode":0,"inputs":[{"name":"clip","type":"CLIP","link":30}],"outputs":[{"name":"CLIP","type":"CLIP","links":[31,32],"shape":3,"slot_index":0}],"properties":{"Node name for S&R":"CLIPSetLastLayer"},"widgets_values":[-2]},{"id":61,"type":"IPAdapterUnifiedLoader","pos":[2060,-30],"size":{"0":315,"1":78},"flags":{},"order":14,"mode":0,"inputs":[{"name":"model","type":"MODEL","link":84},{"name":"ipadapter","type":"IPADAPTER","link":null}],"outputs":[{"name":"model","type":"MODEL","links":[83],"shape":3,"slot_index":0},{"name":"ipadapter","type":"IPADAPTER","links":[82],"shape":3}],"properties":{"Node name for S&R":"IPAdapterUnifiedLoader"},"widgets_values":["PLUS (high strength)"]},{"id":6,"type":"CLIPTextEncode","pos":[2310,600],"size":{"0":422.84503173828125,"1":164.31304931640625},"flags":{},"order":15,"mode":0,"inputs":[{"name":"clip","type":"CLIP","link":31,"slot_index":0}],"outputs":[{"name":"CONDITIONING","type":"CONDITIONING","links":[165],"slot_index":0}],"properties":{"Node name for S&R":"CLIPTextEncode"},"widgets_values":[" boy, 12 y.o., long hair, headband, flannel, t-shirt, drawing, pencil, sketch, charcoal, (crumpled paper texture:1.5), (black and white:1.4)"],"color":"#232","bgcolor":"#353"},{"id":70,"type":"DWPreprocessor","pos":[3030,-750],"size":{"0":315,"1":198},"flags":{},"order":35,"mode":0,"inputs":[{"name":"image","type":"IMAGE","link":178}],"outputs":[{"name":"IMAGE","type":"IMAGE","links":[111,185],"shape":3,"slot_index":0},{"name":"POSE_KEYPOINT","type":"POSE_KEYPOINT","links":null,"shape":3}],"properties":{"Node name for S&R":"DWPreprocessor"},"widgets_values":["enable","enable","enable",512,"yolox_l.onnx","dw-ll_ucoco_384_bs5.torchscript.pt"]},{"id":117,"type":"Reroute","pos":[2920,-940],"size":[75,26],"flags":{},"order":31,"mode":0,"inputs":[{"name":"","type":"*","link":190}],"outputs":[{"name":"","type":"IMAGE","links":[178,192],"slot_index":0}],"properties":{"showOutputText":false,"horizontal":false}},{"id":121,"type":"Reroute","pos":[2530,-940],"size":[75,26],"flags":{},"order":29,"mode":0,"inputs":[{"name":"","type":"*","link":197}],"outputs":[{"name":"","type":"IMAGE","links":[190,191],"slot_index":0}],"properties":{"showOutputText":false,"horizontal":false}},{"id":28,"type":"Reroute","pos":[3610,1350],"size":[75,26],"flags":{},"order":39,"mode":2,"inputs":[{"name":"","type":"*","link":42}],"outputs":[{"name":"","type":"LATENT","links":[36],"slot_index":0}],"properties":{"showOutputText":false,"horizontal":false}},{"id":110,"type":"SDXL Resolutions (JPS)","pos":[-520,1520],"size":{"0":315,"1":78},"flags":{},"order":0,"mode":0,"outputs":[{"name":"width","type":"INT","links":[156],"shape":3,"slot_index":0},{"name":"height","type":"INT","links":[157],"shape":3,"slot_index":1}],"properties":{"Node name for S&R":"SDXL Resolutions (JPS)"},"widgets_values":["portrait - 768x1344 (9:16)"]},{"id":122,"type":"Reroute","pos":[890,-940],"size":[75,26],"flags":{},"order":27,"mode":0,"inputs":[{"name":"","type":"*","link":208}],"outputs":[{"name":"","type":"IMAGE","links":[197],"slot_index":0}],"properties":{"showOutputText":false,"horizontal":false}},{"id":7,"type":"CLIPTextEncode","pos":[2310,820],"size":{"0":425.27801513671875,"1":180.6060791015625},"flags":{},"order":16,"mode":0,"inputs":[{"name":"clip","type":"CLIP","link":32}],"outputs":[{"name":"CONDITIONING","type":"CONDITIONING","links":[166],"slot_index":0}],"properties":{"Node name for S&R":"CLIPTextEncode"},"widgets_values":["(color:1.3), shorts"],"color":"#322","bgcolor":"#533"},{"id":26,"type":"Reroute","pos":[1850,-30],"size":[75,26],"flags":{},"order":10,"mode":0,"inputs":[{"name":"","type":"*","link":33}],"outputs":[{"name":"","type":"MODEL","links":[84],"slot_index":0}],"properties":{"showOutputText":false,"horizontal":false}},{"id":27,"type":"Reroute","pos":[3600,-30],"size":[75,26],"flags":{},"order":22,"mode":2,"inputs":[{"name":"","type":"*","link":81}],"outputs":[{"name":"","type":"MODEL","links":[35],"slot_index":0}],"properties":{"showOutputText":false,"horizontal":false}},{"id":36,"type":"VAEEncode","pos":[3290,1350],"size":{"0":210,"1":46},"flags":{},"order":34,"mode":0,"inputs":[{"name":"pixels","type":"IMAGE","link":194},{"name":"vae","type":"VAE","link":205}],"outputs":[{"name":"LATENT","type":"LATENT","links":[42],"shape":3,"slot_index":0}],"properties":{"Node name for S&R":"VAEEncode"}},{"id":106,"type":"Color Correct (mtb)","pos":[2700,1350],"size":{"0":315,"1":226},"flags":{},"order":30,"mode":0,"inputs":[{"name":"image","type":"IMAGE","link":193,"slot_index":0}],"outputs":[{"name":"IMAGE","type":"IMAGE","links":[155,194],"shape":3,"slot_index":0}],"properties":{"Node name for S&R":"Color Correct (mtb)"},"widgets_values":[true,1,1,0,0,0,0,1]},{"id":30,"type":"Reroute","pos":[1840,1790],"size":[75,26],"flags":{},"order":12,"mode":2,"inputs":[{"name":"","type":"*","link":39}],"outputs":[{"name":"","type":"VAE","links":[204],"slot_index":0}],"properties":{"showOutputText":false,"horizontal":false}},{"id":130,"type":"Reroute","pos":[3170,1790],"size":[75,26],"flags":{},"order":17,"mode":0,"inputs":[{"name":"","type":"*","link":204}],"outputs":[{"name":"","type":"VAE","links":[205,206],"slot_index":0}],"properties":{"showOutputText":false,"horizontal":false}},{"id":8,"type":"VAEDecode","pos":[4240,700],"size":{"0":140,"1":50},"flags":{},"order":45,"mode":0,"inputs":[{"name":"samples","type":"LATENT","link":29},{"name":"vae","type":"VAE","link":65,"slot_index":1}],"outputs":[{"name":"IMAGE","type":"IMAGE","links":[92,200],"slot_index":0}],"properties":{"Node name for S&R":"VAEDecode"}},{"id":3,"type":"KSampler","pos":[3840,700],"size":{"0":320,"1":474},"flags":{},"order":44,"mode":0,"inputs":[{"name":"model","type":"MODEL","link":35},{"name":"positive","type":"CONDITIONING","link":172},{"name":"negative","type":"CONDITIONING","link":173},{"name":"latent_image","type":"LATENT","link":36}],"outputs":[{"name":"LATENT","type":"LATENT","links":[29],"slot_index":0}],"properties":{"Node name for S&R":"KSampler"},"widgets_values":[123456789,"fixed",8,2.1,"euler_ancestral","normal",0.6]},{"id":47,"type":"Reroute","pos":[4070,1790],"size":[75,26],"flags":{},"order":20,"mode":2,"inputs":[{"name":"","type":"*","link":206}],"outputs":[{"name":"","type":"VAE","links":[65]}],"properties":{"showOutputText":false,"horizontal":false}},{"id":118,"type":"Reroute","pos":[6090,-940],"size":[75,26],"flags":{},"order":36,"mode":0,"inputs":[{"name":"","type":"*","link":192}],"outputs":[{"name":"","type":"IMAGE","links":[180],"slot_index":0}],"properties":{"showOutputText":false,"horizontal":false}},{"id":67,"type":"Reroute","pos":[5060,700],"size":[75,26],"flags":{},"order":46,"mode":0,"inputs":[{"name":"","type":"*","link":92}],"outputs":[{"name":"","type":"IMAGE","links":[93],"slot_index":0}],"properties":{"showOutputText":false,"horizontal":false}},{"id":78,"type":"PreviewImage","pos":[5220,780],"size":{"0":950,"1":1700},"flags":{},"order":49,"mode":0,"inputs":[{"name":"images","type":"IMAGE","link":114}],"properties":{"Node name for S&R":"PreviewImage"}},{"id":77,"type":"PreviewImage","pos":[6210,760],"size":{"0":1070,"1":1710},"flags":{},"order":43,"mode":0,"inputs":[{"name":"images","type":"IMAGE","link":113}],"properties":{"Node name for S&R":"PreviewImage"}},{"id":100,"type":"CM_IntBinaryOperation","pos":[-1170,1390],"size":{"0":210,"1":110},"flags":{},"order":18,"mode":0,"inputs":[{"name":"a","type":"INT","link":145,"widget":{"name":"a"}},{"name":"b","type":"INT","link":146,"widget":{"name":"b"}}],"outputs":[{"name":"INT","type":"INT","links":[144],"shape":3,"slot_index":0}],"properties":{"Node name for S&R":"CM_IntBinaryOperation"},"widgets_values":["Add",20,0]},{"id":115,"type":"ControlNetApplyAdvanced","pos":[3010,720],"size":{"0":315,"1":166},"flags":{},"order":38,"mode":0,"inputs":[{"name":"positive","type":"CONDITIONING","link":165},{"name":"negative","type":"CONDITIONING","link":166},{"name":"control_net","type":"CONTROL_NET","link":168},{"name":"image","type":"IMAGE","link":177}],"outputs":[{"name":"positive","type":"CONDITIONING","links":[170],"shape":3,"slot_index":0},{"name":"negative","type":"CONDITIONING","links":[171],"shape":3,"slot_index":1}],"properties":{"Node name for S&R":"ControlNetApplyAdvanced"},"widgets_values":[1,0,1]},{"id":116,"type":"ControlNetApplyAdvanced","pos":[3360,720],"size":{"0":315,"1":166},"flags":{},"order":42,"mode":0,"inputs":[{"name":"positive","type":"CONDITIONING","link":170},{"name":"negative","type":"CONDITIONING","link":171},{"name":"control_net","type":"CONTROL_NET","link":174},{"name":"image","type":"IMAGE","link":185}],"outputs":[{"name":"positive","type":"CONDITIONING","links":[172],"shape":3,"slot_index":0},{"name":"negative","type":"CONDITIONING","links":[173],"shape":3,"slot_index":1}],"properties":{"Node name for S&R":"ControlNetApplyAdvanced"},"widgets_values":[1,0,1]},{"id":120,"type":"Reroute","pos":[1410,1350],"size":[75,26],"flags":{},"order":28,"mode":0,"inputs":[{"name":"","type":"*","link":209}],"outputs":[{"name":"","type":"IMAGE","links":[193],"slot_index":0}],"properties":{"showOutputText":false,"horizontal":false}},{"id":131,"type":"Reroute","pos":[520,1350],"size":[75,26],"flags":{},"order":26,"mode":0,"inputs":[{"name":"","type":"*","link":211}],"outputs":[{"name":"","type":"IMAGE","links":[208,209],"slot_index":0}],"properties":{"showOutputText":false,"horizontal":false}},{"id":93,"type":"PrimitiveNode","pos":[3950,2220],"size":{"0":210,"1":82},"flags":{},"order":1,"mode":0,"outputs":[{"name":"INT","type":"INT","links":[146],"slot_index":0,"widget":{"name":"b"}}],"title":"Start_Frame","properties":{"Run widget replace on values":false},"widgets_values":[0,"fixed"],"color":"#322","bgcolor":"#533"},{"id":90,"type":"PrimitiveNode","pos":[3700,2250],"size":{"0":210,"1":82},"flags":{},"order":2,"mode":0,"outputs":[{"name":"INT","type":"INT","links":[140],"slot_index":0,"widget":{"name":"b"}}],"title":"Every_Nth_Frame","properties":{"Run widget replace on values":false},"widgets_values":[3,"fixed"],"color":"#322","bgcolor":"#533"},{"id":99,"type":"CM_IntBinaryOperation","pos":[-1410,1390],"size":{"0":210,"1":110},"flags":{},"order":13,"mode":0,"inputs":[{"name":"a","type":"INT","link":139,"widget":{"name":"a"}},{"name":"b","type":"INT","link":140,"widget":{"name":"b"}}],"outputs":[{"name":"INT","type":"INT","links":[145],"shape":3,"slot_index":0}],"properties":{"Node name for S&R":"CM_IntBinaryOperation"},"widgets_values":["Mul",0,3]},{"id":46,"type":"Get resolution [Crystools]","pos":[-820,1190],"size":{"0":210,"1":100},"flags":{},"order":23,"mode":0,"inputs":[{"name":"image","type":"IMAGE","link":135,"slot_index":0}],"outputs":[{"name":"width","type":"INT","links":null,"shape":3},{"name":"height","type":"INT","links":null,"shape":3}],"properties":{"Node name for S&R":"Get resolution [Crystools]"}},{"id":40,"type":"Text Overlay","pos":[6210,720],"size":{"0":400,"1":316},"flags":{"collapsed":true},"order":41,"mode":0,"inputs":[{"name":"image","type":"IMAGE","link":180}],"outputs":[{"name":"IMAGE","type":"IMAGE","links":[113],"shape":3,"slot_index":0}],"properties":{"Node name for S&R":"Text Overlay"},"widgets_values":["Original Image",32,"ariblk.ttf","#FFFFFF","#000000",0.2,16,"right","top",0,0]},{"id":92,"type":"PreviewImage","pos":[3030,1430],"size":{"0":160,"1":246},"flags":{},"order":33,"mode":0,"inputs":[{"name":"images","type":"IMAGE","link":155}],"properties":{"Node name for S&R":"PreviewImage"}},{"id":56,"type":"CannyEdgePreprocessor","pos":[2650,-680],"size":{"0":315,"1":106},"flags":{},"order":32,"mode":0,"inputs":[{"name":"image","type":"IMAGE","link":191}],"outputs":[{"name":"IMAGE","type":"IMAGE","links":[162,177],"shape":3,"slot_index":0}],"properties":{"Node name for S&R":"CannyEdgePreprocessor"},"widgets_values":[53,255,512]},{"id":76,"type":"PreviewImage","pos":[2660,-530],"size":{"0":300,"1":250},"flags":{},"order":37,"mode":0,"inputs":[{"name":"images","type":"IMAGE","link":162}],"properties":{"Node name for S&R":"PreviewImage"}},{"id":75,"type":"PreviewImage","pos":[3040,-510],"size":{"0":290,"1":250},"flags":{},"order":40,"mode":0,"inputs":[{"name":"images","type":"IMAGE","link":111}],"properties":{"Node name for S&R":"PreviewImage"}},{"id":108,"type":"Prepare Image Plus (JPS)","pos":[-150,1350],"size":{"0":320,"1":420},"flags":{},"order":24,"mode":0,"inputs":[{"name":"image","type":"IMAGE","link":158},{"name":"target_w","type":"INT","link":156,"widget":{"name":"target_w"}},{"name":"target_h","type":"INT","link":157,"widget":{"name":"target_h"}}],"outputs":[{"name":"IMAGE","type":"IMAGE","links":[160,211],"shape":3,"slot_index":0}],"properties":{"Node name for S&R":"Prepare Image Plus (JPS)"},"widgets_values":[1024,1024,0,0,0,0,0,0,0,0,0,0,"bilinear",0,"Crop","No"]},{"id":112,"type":"PreviewImage","pos":[-140,1820],"size":{"0":300,"1":320},"flags":{},"order":25,"mode":0,"inputs":[{"name":"images","type":"IMAGE","link":160}],"properties":{"Node name for S&R":"PreviewImage"}},{"id":91,"type":"VHS_LoadVideo","pos":[-900,1350],"size":[360,896.9999999999999],"flags":{},"order":21,"mode":0,"inputs":[{"name":"meta_batch","type":"VHS_BatchManager","link":null},{"name":"vae","type":"VAE","link":null},{"name":"skip_first_frames","type":"INT","link":144,"widget":{"name":"skip_first_frames"}}],"outputs":[{"name":"IMAGE","type":"IMAGE","links":[135,158],"shape":3,"slot_index":0},{"name":"frame_count","type":"INT","links":null,"shape":3},{"name":"audio","type":"VHS_AUDIO","links":null,"shape":3},{"name":"video_info","type":"VHS_VIDEOINFO","links":null,"shape":3}],"properties":{"Node name for S&R":"VHS_LoadVideo"},"widgets_values":{"video":"rockstar.mp4","force_rate":0,"force_size":"Disabled","custom_width":512,"custom_height":512,"frame_load_cap":1,"skip_first_frames":20,"select_every_nth":1,"choose video to upload":"image","videopreview":{"hidden":false,"paused":false,"params":{"frame_load_cap":1,"skip_first_frames":20,"force_rate":0,"filename":"rockstar.mp4","type":"input","format":"video/mp4","select_every_nth":1}}}},{"id":59,"type":"ControlNetLoader","pos":[3010,610],"size":{"0":315,"1":58},"flags":{},"order":3,"mode":0,"outputs":[{"name":"CONTROL_NET","type":"CONTROL_NET","links":[168],"shape":3,"slot_index":0}],"properties":{"Node name for S&R":"ControlNetLoader"},"widgets_values":["control-lora-canny-rank256.safetensors"]},{"id":73,"type":"ControlNetLoader","pos":[3360,610],"size":{"0":315,"1":58},"flags":{},"order":4,"mode":0,"outputs":[{"name":"CONTROL_NET","type":"CONTROL_NET","links":[174],"shape":3,"slot_index":0}],"properties":{"Node name for S&R":"ControlNetLoader"},"widgets_values":["control-lora-openposeXL2-rank256.safetensors"]},{"id":62,"type":"LoadImage","pos":[2090,100],"size":{"0":260,"1":314},"flags":{},"order":5,"mode":0,"outputs":[{"name":"IMAGE","type":"IMAGE","links":[85],"shape":3},{"name":"MASK","type":"MASK","links":null,"shape":3}],"properties":{"Node name for S&R":"LoadImage"},"widgets_values":["take_on_me2.jpg","image"]},{"id":4,"type":"CheckpointLoaderSimple","pos":[1180,730],"size":{"0":530,"1":110},"flags":{},"order":6,"mode":0,"outputs":[{"name":"MODEL","type":"MODEL","links":[33],"slot_index":0},{"name":"CLIP","type":"CLIP","links":[30],"slot_index":1},{"name":"VAE","type":"VAE","links":[39],"slot_index":2}],"properties":{"Node name for S&R":"CheckpointLoaderSimple"},"widgets_values":["SDXL/lightning/dreamshaperXL_lightningDPMSDE.safetensors"]},{"id":126,"type":"Save Image Sequence (mtb)","pos":[4850,2170],"size":{"0":320,"1":290},"flags":{},"order":47,"mode":4,"inputs":[{"name":"images","type":"IMAGE","link":200},{"name":"current_frame","type":"INT","link":203,"widget":{"name":"current_frame"}}],"properties":{"Node name for S&R":"Save Image Sequence (mtb)"},"widgets_values":["rockstar",0],"color":"#322","bgcolor":"#533"},{"id":82,"type":"PrimitiveNode","pos":[4180,2190],"size":{"0":210,"1":82},"flags":{},"order":7,"mode":0,"outputs":[{"name":"INT","type":"INT","links":[139,203],"slot_index":0,"widget":{"name":"a"}}],"title":"Current Frame","properties":{"Run widget replace on values":false},"widgets_values":[0,"fixed"],"color":"#322","bgcolor":"#533"},{"id":60,"type":"IPAdapter","pos":[2540,-30],"size":{"0":315,"1":190},"flags":{},"order":19,"mode":0,"inputs":[{"name":"model","type":"MODEL","link":83,"slot_index":0},{"name":"ipadapter","type":"IPADAPTER","link":82,"slot_index":1},{"name":"image","type":"IMAGE","link":85,"slot_index":2},{"name":"attn_mask","type":"MASK","link":null}],"outputs":[{"name":"MODEL","type":"MODEL","links":[81],"shape":3,"slot_index":0}],"properties":{"Node name for S&R":"IPAdapter"},"widgets_values":[0.65,0,1,"standard"]},{"id":41,"type":"Text Overlay","pos":[5210,730],"size":{"0":411.81622314453125,"1":445.90179443359375},"flags":{"collapsed":true},"order":48,"mode":0,"inputs":[{"name":"image","type":"IMAGE","link":93}],"outputs":[{"name":"IMAGE","type":"IMAGE","links":[114],"shape":3,"slot_index":0}],"properties":{"Node name for S&R":"Text Overlay"},"widgets_values":["Latent from Image (img2img) +\nCanny ControlNet +\nOpenPose ControlNet +\nIP Adapter style transfer",32,"ariblk.ttf","#FFFFFF","#000000",0.2,16,"right","top",0,0]},{"id":133,"type":"Note","pos":[-900,2311],"size":[327.38575947333663,61.18351995410967],"flags":{},"order":8,"mode":0,"properties":{"text":""},"widgets_values":["rockstar.mp4"],"color":"#432","bgcolor":"#653"},{"id":132,"type":"Note Plus (mtb)","pos":{"0":3760,"1":2400,"2":0,"3":0,"4":0,"5":0,"6":0,"7":0,"8":0,"9":0},"size":[733.0077393200027,521.3246611995564],"flags":{},"order":9,"mode":0,"inputs":[],"outputs":[],"title":"Unnamed","properties":{},"widgets_values":["# HOW TO RENDER AN IMAGE SEQUENCE\n\n____\n## IN THE 'SAVE IMAGE SEQUENCE' NODE:\n- Un-bypass the node (Ctrl+B)\n- Set the desired filename.\n\n___\n## IN THE CURRENT FRAME NODE:\n- Reset the frame count to zero.\n\n- Set `control_before_generate` to `increment`.\n\n___\n## (OPTIONAL) IN THE 'START_FRAME' NODE:\n- Choose which frame to start from in the original video.\n\n___\n## (OPTIONAL) IN THE `EVERY_NTH_FRAME` NODE.\n- Skip every Nth frame in the original video.\n\n___\n## QUEUE THE FRAMES FOR RENDER\n- Enable the 'Extra Options' checkbox in the main ComfyUI toolbar.\n\n- Set the 'Batch count' to the amount of frames you want to render.\n\n- Hit 'Queue Prompt' as usual.\n\nComfy will add multiple jobs in the queue and start processing.\n___\nFrames are rendered in the ComfyUI installation directory under `output/filename/filename_#####.png`","markdown","","one_dark"],"color":"#432","bgcolor":"#653","shape":1}],"links":[[29,3,0,8,0,"LATENT"],[30,4,1,10,0,"CLIP"],[31,10,0,6,0,"CLIP"],[32,10,0,7,0,"CLIP"],[33,4,0,26,0,"*"],[35,27,0,3,0,"MODEL"],[36,28,0,3,3,"LATENT"],[39,4,2,30,0,"*"],[42,36,0,28,0,"*"],[65,47,0,8,1,"VAE"],[81,60,0,27,0,"*"],[82,61,1,60,1,"IPADAPTER"],[83,61,0,60,0,"MODEL"],[84,26,0,61,0,"MODEL"],[85,62,0,60,2,"IMAGE"],[92,8,0,67,0,"*"],[93,67,0,41,0,"IMAGE"],[111,70,0,75,0,"IMAGE"],[113,40,0,77,0,"IMAGE"],[114,41,0,78,0,"IMAGE"],[135,91,0,46,0,"IMAGE"],[139,82,0,99,0,"INT"],[140,90,0,99,1,"INT"],[144,100,0,91,2,"INT"],[145,99,0,100,0,"INT"],[146,93,0,100,1,"INT"],[155,106,0,92,0,"IMAGE"],[156,110,0,108,1,"INT"],[157,110,1,108,2,"INT"],[158,91,0,108,0,"IMAGE"],[160,108,0,112,0,"IMAGE"],[162,56,0,76,0,"IMAGE"],[165,6,0,115,0,"CONDITIONING"],[166,7,0,115,1,"CONDITIONING"],[168,59,0,115,2,"CONTROL_NET"],[170,115,0,116,0,"CONDITIONING"],[171,115,1,116,1,"CONDITIONING"],[172,116,0,3,1,"CONDITIONING"],[173,116,1,3,2,"CONDITIONING"],[174,73,0,116,2,"CONTROL_NET"],[177,56,0,115,3,"IMAGE"],[178,117,0,70,0,"IMAGE"],[180,118,0,40,0,"IMAGE"],[185,70,0,116,3,"IMAGE"],[190,121,0,117,0,"*"],[191,121,0,56,0,"IMAGE"],[192,117,0,118,0,"*"],[193,120,0,106,0,"IMAGE"],[194,106,0,36,0,"IMAGE"],[197,122,0,121,0,"*"],[200,8,0,126,0,"IMAGE"],[203,82,0,126,1,"INT"],[204,30,0,130,0,"*"],[205,130,0,36,1,"VAE"],[206,130,0,47,0,"*"],[208,131,0,122,0,"*"],[209,131,0,120,0,"*"],[211,108,0,131,0,"*"]],"groups":[{"title":"CONTROL IMAGES","bounding":[2410,-900,1180,680],"color":"#8A8","font_size":24},{"title":"IPADAPTER","bounding":[1970,-180,930,610],"color":"#9487b9","font_size":24},{"title":"INPUT IMAGE","bounding":[-1460,1110,1722,1439],"color":"#3f789e","font_size":24},{"title":"CHECKPOINT","bounding":[1100,500,650,420],"color":"#3f789e","font_size":24},{"title":"LATENT FROM IMAGE","bounding":[2660,1220,880,420],"color":"#a1309b","font_size":24},{"title":"CONDITIONING","bounding":[1810,460,1890,570],"color":"#b58b2a","font_size":24},{"title":"SAMPLER","bounding":[3790,500,700,740],"color":"#b06634","font_size":24},{"title":"OUTPUT","bounding":[4550,480,2830,2050],"color":"#3f789e","font_size":24},{"title":"CONTROL NET","bounding":[2910,500,780,470],"color":"#3f789e","font_size":24}],"config":{},"extra":{"workspace_info":{"id":"wbl4eLsf7fb-Q_wv4wAwh","saveLock":false,"cloudID":null,"coverMediaPath":null},"ds":{"scale":0.289664379736688,"offset":{"0":2215.1929502649173,"1":1119.2054313466058}}},"version":0.4}