{"last_node_id":57,"last_link_id":76,"nodes":[{"id":39,"type":"Reroute","pos":[1800,1420],"size":[75,26],"flags":{},"order":14,"mode":0,"inputs":[{"name":"","type":"*","link":56}],"outputs":[{"name":"","type":"VAE","links":[55],"slot_index":0}],"properties":{"showOutputText":false,"horizontal":false}},{"id":4,"type":"CLIPSetLastLayer","pos":[210,690],"size":{"0":315,"1":58},"flags":{},"order":8,"mode":0,"inputs":[{"name":"clip","type":"CLIP","link":44}],"outputs":[{"name":"CLIP","type":"CLIP","links":[2,3],"shape":3,"slot_index":0}],"properties":{"Node name for S&R":"CLIPSetLastLayer"},"widgets_values":[-2]},{"id":6,"type":"CLIPTextEncode","pos":[670,780],"size":{"0":391.23883056640625,"1":78.14339447021484},"flags":{},"order":13,"mode":0,"inputs":[{"name":"clip","type":"CLIP","link":3}],"outputs":[{"name":"CONDITIONING","type":"CONDITIONING","links":[5],"shape":3,"slot_index":0}],"properties":{"Node name for S&R":"CLIPTextEncode"},"widgets_values":["(worst quality, low quality: 1.4)"],"color":"#322","bgcolor":"#533"},{"id":49,"type":"Reroute","pos":[1260,1070],"size":[75,26],"flags":{},"order":10,"mode":0,"inputs":[{"name":"","type":"*","link":75}],"outputs":[{"name":"","type":"LATENT","links":[68],"slot_index":0}],"properties":{"showOutputText":false,"horizontal":false}},{"id":7,"type":"KSampler","pos":[1490,640],"size":{"0":320,"1":474},"flags":{},"order":16,"mode":0,"inputs":[{"name":"model","type":"MODEL","link":66},{"name":"positive","type":"CONDITIONING","link":4},{"name":"negative","type":"CONDITIONING","link":5},{"name":"latent_image","type":"LATENT","link":68}],"outputs":[{"name":"LATENT","type":"LATENT","links":[9],"shape":3,"slot_index":0}],"properties":{"Node name for S&R":"KSampler"},"widgets_values":[123456789,"fixed",15,7,"dpmpp_2m","karras",1]},{"id":38,"type":"Reroute","pos":[110,1420],"size":[75,26],"flags":{},"order":9,"mode":0,"inputs":[{"name":"","type":"*","link":53}],"outputs":[{"name":"","type":"VAE","links":[56],"slot_index":0}],"properties":{"showOutputText":false,"horizontal":false}},{"id":3,"type":"CLIPTextEncode","pos":[670,600],"size":{"0":390,"1":120},"flags":{},"order":12,"mode":0,"inputs":[{"name":"clip","type":"CLIP","link":2}],"outputs":[{"name":"CONDITIONING","type":"CONDITIONING","links":[4],"shape":3,"slot_index":0}],"properties":{"Node name for S&R":"CLIPTextEncode"},"widgets_values":["portrait, wizard, long gray beard, casting spell, (glowing energy orb:1.15), lightning bolts, stormy, (windy hair:1.1)"],"color":"#232","bgcolor":"#353"},{"id":10,"type":"VAEDecode","pos":[1940,640],"size":{"0":210,"1":46},"flags":{},"order":17,"mode":0,"inputs":[{"name":"samples","type":"LATENT","link":9},{"name":"vae","type":"VAE","link":55}],"outputs":[{"name":"IMAGE","type":"IMAGE","links":[71],"shape":3,"slot_index":0}],"properties":{"Node name for S&R":"VAEDecode"}},{"id":51,"type":"Reroute","pos":[2270,640],"size":[75,26],"flags":{},"order":18,"mode":0,"inputs":[{"name":"","type":"*","link":71}],"outputs":[{"name":"","type":"IMAGE","links":[72,73],"slot_index":0}],"properties":{"showOutputText":false,"horizontal":false}},{"id":52,"type":"Reroute","pos":[3100,640],"size":[75,26],"flags":{},"order":20,"mode":0,"inputs":[{"name":"","type":"*","link":73}],"outputs":[{"name":"","type":"IMAGE","links":[74],"slot_index":0}],"properties":{"showOutputText":false,"horizontal":false}},{"id":42,"type":"Note","pos":[750,1230],"size":{"0":350,"1":60},"flags":{},"order":0,"mode":0,"properties":{"text":""},"widgets_values":["Adjust batch_size to set the number of frames in the animation."],"color":"#432","bgcolor":"#653"},{"id":54,"type":"ADE_StandardStaticContextOptions","pos":[373.8786510120739,38.363583651456054],"size":{"0":319.20001220703125,"1":198},"flags":{},"order":1,"mode":0,"inputs":[{"name":"prev_context","type":"CONTEXT_OPTIONS","link":null},{"name":"view_opts","type":"VIEW_OPTS","link":null}],"outputs":[{"name":"CONTEXT_OPTS","type":"CONTEXT_OPTIONS","links":[76],"shape":3}],"properties":{"Node name for S&R":"ADE_StandardStaticContextOptions"},"widgets_values":[16,4,"pyramid",false,0,1]},{"id":50,"type":"PreviewImage","pos":[2380,810],"size":{"0":720,"1":790},"flags":{},"order":19,"mode":0,"inputs":[{"name":"images","type":"IMAGE","link":72}],"properties":{"Node name for S&R":"PreviewImage"}},{"id":32,"type":"CheckpointLoaderSimple","pos":[-660,670],"size":{"0":540,"1":130},"flags":{},"order":2,"mode":0,"outputs":[{"name":"MODEL","type":"MODEL","links":[51],"shape":3,"slot_index":0},{"name":"CLIP","type":"CLIP","links":[44],"shape":3,"slot_index":1},{"name":"VAE","type":"VAE","links":[53],"shape":3,"slot_index":2}],"properties":{"Node name for S&R":"CheckpointLoaderSimple"},"widgets_values":["SD15/DreamShaper_8_pruned.safetensors"]},{"id":35,"type":"VHS_VideoCombine","pos":[3220,800],"size":[530,310],"flags":{},"order":21,"mode":0,"inputs":[{"name":"images","type":"IMAGE","link":74},{"name":"audio","type":"VHS_AUDIO","link":null},{"name":"meta_batch","type":"VHS_BatchManager","link":null},{"name":"vae","type":"VAE","link":null}],"outputs":[{"name":"GIF","type":"GIF","links":null,"shape":3,"slot_index":0}],"properties":{"Node name for S&R":"VHS_VideoCombine"},"widgets_values":{"frame_rate":12,"loop_count":0,"filename_prefix":"wizard/wizard","format":"video/h264-mp4","pix_fmt":"yuv420p","crf":19,"save_metadata":true,"pingpong":false,"save_output":false,"videopreview":{"hidden":false,"paused":false,"params":{"filename":"wizard_00001.mp4","subfolder":"wizard","type":"temp","format":"video/h264-mp4","frame_rate":12}}},"color":"#223","bgcolor":"#335"},{"id":55,"type":"Note","pos":[3205,1713],"size":{"0":638.2686767578125,"1":66.60173034667969},"flags":{},"order":3,"mode":0,"properties":{"text":""},"widgets_values":["Enable 'save_output' to save to ComfyUI/output/"],"color":"#432","bgcolor":"#653"},{"id":53,"type":"ADE_EmptyLatentImageLarge","pos":[760,1070],"size":{"0":315,"1":106},"flags":{},"order":4,"mode":0,"outputs":[{"name":"LATENT","type":"LATENT","links":[75],"shape":3,"slot_index":0}],"properties":{"Node name for S&R":"ADE_EmptyLatentImageLarge"},"widgets_values":[512,512,24]},{"id":57,"type":"Note","pos":[-696,845],"size":[628.7401708885163,86.24866460199291],"flags":{},"order":5,"mode":0,"properties":{"text":""},"widgets_values":["DreamShaper_8_pruned.safetensors\nhttps://civitai.com/api/download/models/128713?type=Model&format=SafeTensor&size=pruned&fp=fp16"],"color":"#432","bgcolor":"#653"},{"id":36,"type":"ADE_AnimateDiffLoaderGen1","pos":[783.8786510120739,-31.63641634854393],"size":{"0":315,"1":222},"flags":{},"order":11,"mode":0,"inputs":[{"name":"model","type":"MODEL","link":52},{"name":"context_options","type":"CONTEXT_OPTIONS","link":76,"slot_index":1},{"name":"motion_lora","type":"MOTION_LORA","link":null},{"name":"ad_settings","type":"AD_SETTINGS","link":null},{"name":"ad_keyframes","type":"AD_KEYFRAMES","link":null},{"name":"sample_settings","type":"SAMPLE_SETTINGS","link":null},{"name":"scale_multival","type":"MULTIVAL","link":null},{"name":"effect_multival","type":"MULTIVAL","link":null}],"outputs":[{"name":"MODEL","type":"MODEL","links":[69],"shape":3,"slot_index":0}],"properties":{"Node name for S&R":"ADE_AnimateDiffLoaderGen1"},"widgets_values":["v3_sd15_mm.ckpt","autoselect"]},{"id":37,"type":"Reroute","pos":[88,-34],"size":[75,26],"flags":{},"order":7,"mode":0,"inputs":[{"name":"","type":"*","link":51}],"outputs":[{"name":"","type":"MODEL","links":[52],"slot_index":0}],"properties":{"showOutputText":false,"horizontal":false}},{"id":48,"type":"Reroute","pos":[1270,-31],"size":[75,26],"flags":{},"order":15,"mode":0,"inputs":[{"name":"","type":"*","link":69}],"outputs":[{"name":"","type":"MODEL","links":[66],"slot_index":0}],"properties":{"showOutputText":false,"horizontal":false}},{"id":56,"type":"Note","pos":[729,242],"size":[555.5701160307817,58.998114460449585],"flags":{},"order":6,"mode":0,"properties":{"text":""},"widgets_values":["https://huggingface.co/guoyww/animatediff/resolve/main/v3_sd15_mm.ckpt?download=true\n"],"color":"#432","bgcolor":"#653"}],"links":[[2,4,0,3,0,"CLIP"],[3,4,0,6,0,"CLIP"],[4,3,0,7,1,"CONDITIONING"],[5,6,0,7,2,"CONDITIONING"],[9,7,0,10,0,"LATENT"],[44,32,1,4,0,"CLIP"],[51,32,0,37,0,"*"],[52,37,0,36,0,"MODEL"],[53,32,2,38,0,"*"],[55,39,0,10,1,"VAE"],[56,38,0,39,0,"*"],[66,48,0,7,0,"MODEL"],[68,49,0,7,3,"LATENT"],[69,36,0,48,0,"*"],[71,10,0,51,0,"*"],[72,51,0,50,0,"IMAGE"],[73,51,0,52,0,"*"],[74,52,0,35,0,"IMAGE"],[75,53,0,49,0,"*"],[76,54,0,36,1,"CONTEXT_OPTIONS"]],"groups":[{"title":"CHECKPOINT (DREAMSHAPER 8 - SD 1.5)","bounding":[-750,510,713,449],"color":"#3f789e","font_size":24},{"title":"ANIMATE DIFF","bounding":[344,-122,1019,512],"color":"#b39ddb","font_size":24},{"title":"CONDITIONING","bounding":[110,460,1230,460],"color":"#b58b2a","font_size":24},{"title":"EMPTY LATENT","bounding":[570,970,660,400],"color":"#a1309b","font_size":24},{"title":"SAMPLER","bounding":[1440,490,750,650],"color":"#b06634","font_size":24},{"title":"COMBINE IMAGES TO VIDEO","bounding":[3190,720,618,946],"color":"#3f789e","font_size":24},{"title":"OUTPUT IMAGES","bounding":[2290,720,884,946],"color":"#3f789e","font_size":24}],"config":{},"extra":{"ds":{"scale":0.5131581182307067,"offset":[1420.8061306851046,1007.1314390847772]},"workspace_info":{"id":"sAfPDWx4Y4N_Hvn9lcDY3","saveLock":false,"cloudID":null,"coverMediaPath":null}},"version":0.4}