{"last_node_id":75,"last_link_id":86,"nodes":[{"id":7,"type":"CLIPTextEncode","pos":[1630,850],"size":{"0":425.27801513671875,"1":180.6060791015625},"flags":{},"order":13,"mode":0,"inputs":[{"name":"clip","type":"CLIP","link":16}],"outputs":[{"name":"CONDITIONING","type":"CONDITIONING","links":[11],"slot_index":0}],"properties":{"Node name for S&R":"CLIPTextEncode"},"widgets_values":["drawing, illustration, sketch, painting"],"color":"#322","bgcolor":"#533"},{"id":6,"type":"CLIPTextEncode","pos":[1630,630],"size":{"0":422.84503173828125,"1":164.31304931640625},"flags":{},"order":12,"mode":0,"inputs":[{"name":"clip","type":"CLIP","link":15,"slot_index":0}],"outputs":[{"name":"CONDITIONING","type":"CONDITIONING","links":[10],"slot_index":0}],"properties":{"Node name for S&R":"CLIPTextEncode"},"widgets_values":["flying robot, 1980s, plastic, toy"],"color":"#232","bgcolor":"#353"},{"id":33,"type":"IPAdapterUnifiedLoader","pos":[1620,-80],"size":{"0":315,"1":78},"flags":{},"order":11,"mode":0,"inputs":[{"name":"model","type":"MODEL","link":31},{"name":"ipadapter","type":"IPADAPTER","link":null,"slot_index":1}],"outputs":[{"name":"model","type":"MODEL","links":[30],"shape":3,"slot_index":0},{"name":"ipadapter","type":"IPADAPTER","links":[34],"shape":3,"slot_index":1}],"properties":{"Node name for S&R":"IPAdapterUnifiedLoader"},"widgets_values":["PLUS (high strength)"]},{"id":61,"type":"Text Overlay","pos":[3430,730],"size":{"0":400,"1":316.0000305175781},"flags":{"collapsed":true},"order":22,"mode":0,"inputs":[{"name":"image","type":"IMAGE","link":71}],"outputs":[{"name":"IMAGE","type":"IMAGE","links":[68],"shape":3,"slot_index":0}],"properties":{"Node name for S&R":"Text Overlay"},"widgets_values":["Text to Image +\nIP Adapter style transfer",32,"ariblk.ttf","#FFFFFF","#000000",0.2,16,"right","top",0,0]},{"id":66,"type":"Reroute","pos":[2030,300],"size":[75,26],"flags":{},"order":9,"mode":0,"inputs":[{"name":"","type":"*","link":73}],"outputs":[{"name":"","type":"IMAGE","links":[74],"slot_index":0}],"properties":{"showOutputText":false,"horizontal":false}},{"id":62,"type":"PreviewImage","pos":[3430,780],"size":{"0":1220,"1":1330},"flags":{},"order":23,"mode":0,"inputs":[{"name":"images","type":"IMAGE","link":68}],"properties":{"Node name for S&R":"PreviewImage"}},{"id":64,"type":"PreviewImage","pos":[4690,780],"size":{"0":1220,"1":1330},"flags":{},"order":19,"mode":0,"inputs":[{"name":"images","type":"IMAGE","link":69}],"properties":{"Node name for S&R":"PreviewImage"}},{"id":30,"type":"Reroute","pos":[1180,1440],"size":[75,26],"flags":{},"order":8,"mode":0,"inputs":[{"name":"","type":"*","link":24}],"outputs":[{"name":"","type":"VAE","links":[23]}],"properties":{"showOutputText":false,"horizontal":false}},{"id":5,"type":"EmptyLatentImage","pos":[2070,1220],"size":{"0":320,"1":110},"flags":{},"order":5,"mode":0,"inputs":[{"name":"width","type":"INT","link":25,"widget":{"name":"width"}},{"name":"height","type":"INT","link":26,"widget":{"name":"height"}}],"outputs":[{"name":"LATENT","type":"LATENT","links":[82],"slot_index":0}],"properties":{"Node name for S&R":"EmptyLatentImage"},"widgets_values":[832,1216,1]},{"id":31,"type":"SDXL Resolutions (JPS)","pos":[1710,1220],"size":{"0":315,"1":78},"flags":{},"order":0,"mode":0,"outputs":[{"name":"width","type":"INT","links":[25],"shape":3,"slot_index":0},{"name":"height","type":"INT","links":[26],"shape":3,"slot_index":1}],"properties":{"Node name for S&R":"SDXL Resolutions (JPS)"},"widgets_values":["portrait - 832x1216 (2:3)"]},{"id":35,"type":"IPAdapter","pos":[2030,-80],"size":{"0":315,"1":190},"flags":{},"order":16,"mode":0,"inputs":[{"name":"model","type":"MODEL","link":30},{"name":"ipadapter","type":"IPADAPTER","link":34},{"name":"image","type":"IMAGE","link":36},{"name":"attn_mask","type":"MASK","link":null}],"outputs":[{"name":"MODEL","type":"MODEL","links":[33],"shape":3,"slot_index":0}],"properties":{"Node name for S&R":"IPAdapter"},"widgets_values":[1,0,1,"style transfer"]},{"id":28,"type":"Reroute","pos":[2540,1220],"size":[75,26],"flags":{},"order":10,"mode":0,"inputs":[{"name":"","type":"*","link":82}],"outputs":[{"name":"","type":"LATENT","links":[21],"slot_index":0}],"properties":{"showOutputText":false,"horizontal":false}},{"id":29,"type":"Reroute","pos":[2960,1440],"size":[75,26],"flags":{},"order":14,"mode":0,"inputs":[{"name":"","type":"*","link":23,"slot_index":0}],"outputs":[{"name":"","type":"VAE","links":[22]}],"properties":{"showOutputText":false,"horizontal":false}},{"id":63,"type":"Reroute","pos":[4590,300],"size":[75,26],"flags":{},"order":15,"mode":0,"inputs":[{"name":"","type":"*","link":74,"slot_index":0}],"outputs":[{"name":"","type":"IMAGE","links":[70]}],"properties":{"showOutputText":false,"horizontal":false}},{"id":3,"type":"KSampler","pos":[2710,700],"size":{"0":320,"1":474},"flags":{},"order":20,"mode":0,"inputs":[{"name":"model","type":"MODEL","link":85},{"name":"positive","type":"CONDITIONING","link":10},{"name":"negative","type":"CONDITIONING","link":11},{"name":"latent_image","type":"LATENT","link":21}],"outputs":[{"name":"LATENT","type":"LATENT","links":[12],"slot_index":0}],"properties":{"Node name for S&R":"KSampler"},"widgets_values":[123456850,"fixed",7,2,"euler_ancestral","normal",1]},{"id":10,"type":"CLIPSetLastLayer","pos":[1180,740],"size":{"0":315,"1":58},"flags":{},"order":7,"mode":0,"inputs":[{"name":"clip","type":"CLIP","link":13}],"outputs":[{"name":"CLIP","type":"CLIP","links":[15,16],"shape":3,"slot_index":0}],"properties":{"Node name for S&R":"CLIPSetLastLayer"},"widgets_values":[-2]},{"id":65,"type":"Text Overlay","pos":[4700,730],"size":{"0":400,"1":316.0000305175781},"flags":{"collapsed":true},"order":17,"mode":0,"inputs":[{"name":"image","type":"IMAGE","link":70}],"outputs":[{"name":"IMAGE","type":"IMAGE","links":[69],"shape":3,"slot_index":0}],"properties":{"Node name for S&R":"Text Overlay"},"widgets_values":["Style Image",32,"ariblk.ttf","#FFFFFF","#000000",0.2,16,"right","top",0,0]},{"id":8,"type":"VAEDecode","pos":[3070,700],"size":{"0":210,"1":46},"flags":{},"order":21,"mode":0,"inputs":[{"name":"samples","type":"LATENT","link":12},{"name":"vae","type":"VAE","link":22,"slot_index":1}],"outputs":[{"name":"IMAGE","type":"IMAGE","links":[71],"slot_index":0}],"properties":{"Node name for S&R":"VAEDecode"}},{"id":4,"type":"CheckpointLoaderSimple","pos":[460,720],"size":{"0":530,"1":110},"flags":{},"order":1,"mode":0,"outputs":[{"name":"MODEL","type":"MODEL","links":[17],"slot_index":0},{"name":"CLIP","type":"CLIP","links":[13],"slot_index":1},{"name":"VAE","type":"VAE","links":[24],"slot_index":2}],"properties":{"Node name for S&R":"CheckpointLoaderSimple"},"widgets_values":["SDXL/lightning/juggernautXL_v9Rdphoto2Lightning.safetensors"]},{"id":37,"type":"LoadImage","pos":[1620,60],"size":{"0":310,"1":314},"flags":{},"order":2,"mode":0,"outputs":[{"name":"IMAGE","type":"IMAGE","links":[36,73],"shape":3,"slot_index":0},{"name":"MASK","type":"MASK","links":null,"shape":3}],"properties":{"Node name for S&R":"LoadImage"},"widgets_values":["optimus_prime.jpg","image"]},{"id":26,"type":"Reroute","pos":[1180,-80],"size":[75,26],"flags":{},"order":6,"mode":0,"inputs":[{"name":"","type":"*","link":17}],"outputs":[{"name":"","type":"MODEL","links":[31],"slot_index":0}],"properties":{"showOutputText":false,"horizontal":false}},{"id":27,"type":"Reroute","pos":[2540,-80],"size":[75,26],"flags":{},"order":18,"mode":0,"inputs":[{"name":"","type":"*","link":33}],"outputs":[{"name":"","type":"MODEL","links":[85],"slot_index":0}],"properties":{"showOutputText":false,"horizontal":false}},{"id":70,"type":"Note","pos":[415,884],"size":{"0":611.4871826171875,"1":67.44450378417969},"flags":{},"order":3,"mode":0,"properties":{"text":""},"widgets_values":["juggernautXL_v9Rdphoto2Lightning.safetensors\n\nhttps://civitai.com/api/download/models/357609?type=Model&format=SafeTensor&size=full&fp=fp16"],"color":"#432","bgcolor":"#653"},{"id":71,"type":"Note","pos":[1625,422],"size":[311.6191125146454,58],"flags":{},"order":4,"mode":0,"properties":{"text":""},"widgets_values":["optimus_prime.jpg"],"color":"#432","bgcolor":"#653"}],"links":[[10,6,0,3,1,"CONDITIONING"],[11,7,0,3,2,"CONDITIONING"],[12,3,0,8,0,"LATENT"],[13,4,1,10,0,"CLIP"],[15,10,0,6,0,"CLIP"],[16,10,0,7,0,"CLIP"],[17,4,0,26,0,"*"],[21,28,0,3,3,"LATENT"],[22,29,0,8,1,"VAE"],[23,30,0,29,0,"*"],[24,4,2,30,0,"*"],[25,31,0,5,0,"INT"],[26,31,1,5,1,"INT"],[30,33,0,35,0,"MODEL"],[31,26,0,33,0,"MODEL"],[33,35,0,27,0,"*"],[34,33,1,35,1,"IPADAPTER"],[36,37,0,35,2,"IMAGE"],[68,61,0,62,0,"IMAGE"],[69,65,0,64,0,"IMAGE"],[70,63,0,65,0,"IMAGE"],[71,8,0,61,0,"IMAGE"],[73,37,0,66,0,"*"],[74,66,0,63,0,"*"],[82,5,0,28,0,"*"],[85,27,0,3,0,"MODEL"]],"groups":[{"title":"CHECKPOINT","bounding":[320,580,746,447],"color":"#3f789e","font_size":24},{"title":"Empty Latent","bounding":[1560,1090,900,270],"color":"#a1309b","font_size":24},{"title":"IPAdapter","bounding":[1450,-250,931,755],"color":"#b39ddb","font_size":36},{"title":"CONDITIONING","bounding":[1130,540,1330,530],"color":"#b58b2a","font_size":24},{"title":"SAMPLER","bounding":[2510,470,850,820],"color":"#b06634","font_size":24},{"title":"OUTPUT IMAGE","bounding":[3410,530,2540,1640],"color":"#3f789e","font_size":24}],"config":{},"extra":{"workspace_info":{"id":"BlCBNpT13BBEe5CzI13mo","saveLock":false,"cloudID":null,"coverMediaPath":null},"ds":{"scale":0.6830134553650709,"offset":{"0":-239.72333152693136,"1":347.0814253235354}}},"version":0.4}