{"last_node_id":48,"last_link_id":47,"nodes":[{"id":10,"type":"CLIPSetLastLayer","pos":[1160,740],"size":{"0":315,"1":58},"flags":{},"order":7,"mode":0,"inputs":[{"name":"clip","type":"CLIP","link":13}],"outputs":[{"name":"CLIP","type":"CLIP","links":[15,16],"shape":3,"slot_index":0}],"properties":{"Node name for S&R":"CLIPSetLastLayer"},"widgets_values":[-2]},{"id":26,"type":"Reroute","pos":[1190,-100],"size":[75,26],"flags":{},"order":6,"mode":0,"inputs":[{"name":"","type":"*","link":17}],"outputs":[{"name":"","type":"MODEL","links":[31],"slot_index":0}],"properties":{"showOutputText":false,"horizontal":false}},{"id":3,"type":"KSampler","pos":[2720,690],"size":{"0":320,"1":474},"flags":{},"order":20,"mode":0,"inputs":[{"name":"model","type":"MODEL","link":38},{"name":"positive","type":"CONDITIONING","link":10},{"name":"negative","type":"CONDITIONING","link":11},{"name":"latent_image","type":"LATENT","link":21}],"outputs":[{"name":"LATENT","type":"LATENT","links":[12],"slot_index":0}],"properties":{"Node name for S&R":"KSampler"},"widgets_values":[123456789,"fixed",7,2,"euler_ancestral","normal",1]},{"id":35,"type":"IPAdapter","pos":[1940,-100],"size":{"0":315,"1":190},"flags":{},"order":16,"mode":0,"inputs":[{"name":"model","type":"MODEL","link":30},{"name":"ipadapter","type":"IPADAPTER","link":34},{"name":"image","type":"IMAGE","link":36},{"name":"attn_mask","type":"MASK","link":null}],"outputs":[{"name":"MODEL","type":"MODEL","links":[33],"shape":3,"slot_index":0}],"properties":{"Node name for S&R":"IPAdapter"},"widgets_values":[1,0,1,"style transfer"]},{"id":7,"type":"CLIPTextEncode","pos":[1630,810],"size":{"0":425.27801513671875,"1":180.6060791015625},"flags":{},"order":13,"mode":0,"inputs":[{"name":"clip","type":"CLIP","link":16}],"outputs":[{"name":"CONDITIONING","type":"CONDITIONING","links":[11],"slot_index":0}],"properties":{"Node name for S&R":"CLIPTextEncode"},"widgets_values":[""],"color":"#322","bgcolor":"#533"},{"id":39,"type":"Text Overlay","pos":[3530,720],"size":{"0":400,"1":316.0000305175781},"flags":{"collapsed":true},"order":22,"mode":0,"inputs":[{"name":"image","type":"IMAGE","link":40}],"outputs":[{"name":"IMAGE","type":"IMAGE","links":[41],"shape":3,"slot_index":0}],"properties":{"Node name for S&R":"Text Overlay"},"widgets_values":["Text to Image +\nIP Adapter style transfer",32,"ariblk.ttf","#FFFFFF","#000000",0.2,16,"right","top",0,0]},{"id":42,"type":"PreviewImage","pos":[4780,780],"size":{"0":1220,"1":1330},"flags":{},"order":19,"mode":0,"inputs":[{"name":"images","type":"IMAGE","link":44}],"properties":{"Node name for S&R":"PreviewImage"}},{"id":43,"type":"Text Overlay","pos":[4790,720],"size":{"0":400,"1":316.0000305175781},"flags":{"collapsed":true},"order":17,"mode":0,"inputs":[{"name":"image","type":"IMAGE","link":45}],"outputs":[{"name":"IMAGE","type":"IMAGE","links":[44],"shape":3,"slot_index":0}],"properties":{"Node name for S&R":"Text Overlay"},"widgets_values":["Style Image",64,"ariblk.ttf","#FFFFFF","#000000",0.2,16,"right","top",0,0]},{"id":40,"type":"Reroute","pos":[1940,250],"size":[75,26],"flags":{},"order":9,"mode":0,"inputs":[{"name":"","type":"*","link":42}],"outputs":[{"name":"","type":"IMAGE","links":[43],"slot_index":0}],"properties":{"showOutputText":false,"horizontal":false}},{"id":33,"type":"IPAdapterUnifiedLoader","pos":[1470,-100],"size":{"0":315,"1":78},"flags":{},"order":11,"mode":0,"inputs":[{"name":"model","type":"MODEL","link":31},{"name":"ipadapter","type":"IPADAPTER","link":null,"slot_index":1}],"outputs":[{"name":"model","type":"MODEL","links":[30],"shape":3,"slot_index":0},{"name":"ipadapter","type":"IPADAPTER","links":[34],"shape":3,"slot_index":1}],"properties":{"Node name for S&R":"IPAdapterUnifiedLoader"},"widgets_values":["PLUS (high strength)"]},{"id":6,"type":"CLIPTextEncode","pos":[1630,590],"size":{"0":422.84503173828125,"1":164.31304931640625},"flags":{},"order":12,"mode":0,"inputs":[{"name":"clip","type":"CLIP","link":15,"slot_index":0}],"outputs":[{"name":"CONDITIONING","type":"CONDITIONING","links":[10],"slot_index":0}],"properties":{"Node name for S&R":"CLIPTextEncode"},"widgets_values":["portrait, girl, gamer, headphones, iphone, (drawing:1.2), (sketch:1.2)"],"color":"#232","bgcolor":"#353"},{"id":8,"type":"VAEDecode","pos":[3140,690],"size":{"0":210,"1":46},"flags":{},"order":21,"mode":0,"inputs":[{"name":"samples","type":"LATENT","link":12},{"name":"vae","type":"VAE","link":22,"slot_index":1}],"outputs":[{"name":"IMAGE","type":"IMAGE","links":[40],"slot_index":0}],"properties":{"Node name for S&R":"VAEDecode"}},{"id":30,"type":"Reroute","pos":[1200,1410],"size":[75,26],"flags":{},"order":8,"mode":0,"inputs":[{"name":"","type":"*","link":24}],"outputs":[{"name":"","type":"VAE","links":[23]}],"properties":{"showOutputText":false,"horizontal":false}},{"id":29,"type":"Reroute","pos":[3010,1410],"size":[75,26],"flags":{},"order":14,"mode":0,"inputs":[{"name":"","type":"*","link":23,"slot_index":0}],"outputs":[{"name":"","type":"VAE","links":[22]}],"properties":{"showOutputText":false,"horizontal":false}},{"id":28,"type":"Reroute","pos":[2460,1140],"size":[75,26],"flags":{},"order":10,"mode":0,"inputs":[{"name":"","type":"*","link":20}],"outputs":[{"name":"","type":"LATENT","links":[21],"slot_index":0}],"properties":{"showOutputText":false,"horizontal":false}},{"id":5,"type":"EmptyLatentImage","pos":[1920,1140],"size":{"0":320,"1":110},"flags":{},"order":5,"mode":0,"inputs":[{"name":"width","type":"INT","link":25,"widget":{"name":"width"}},{"name":"height","type":"INT","link":26,"widget":{"name":"height"}}],"outputs":[{"name":"LATENT","type":"LATENT","links":[20],"slot_index":0}],"properties":{"Node name for S&R":"EmptyLatentImage"},"widgets_values":[832,1216,1]},{"id":31,"type":"SDXL Resolutions (JPS)","pos":[1550,1140],"size":{"0":315,"1":78},"flags":{},"order":0,"mode":0,"outputs":[{"name":"width","type":"INT","links":[25],"shape":3,"slot_index":0},{"name":"height","type":"INT","links":[26],"shape":3,"slot_index":1}],"properties":{"Node name for S&R":"SDXL Resolutions (JPS)"},"widgets_values":["portrait - 832x1216 (2:3)"]},{"id":27,"type":"Reroute","pos":[2460,-100],"size":[75,26],"flags":{},"order":18,"mode":0,"inputs":[{"name":"","type":"*","link":33}],"outputs":[{"name":"","type":"MODEL","links":[38],"slot_index":0}],"properties":{"showOutputText":false,"horizontal":false}},{"id":38,"type":"PreviewImage","pos":[3530,770],"size":{"0":1220,"1":1330},"flags":{},"order":23,"mode":0,"inputs":[{"name":"images","type":"IMAGE","link":41}],"properties":{"Node name for S&R":"PreviewImage"}},{"id":41,"type":"Reroute","pos":[4700,310],"size":[75,26],"flags":{},"order":15,"mode":0,"inputs":[{"name":"","type":"*","link":43}],"outputs":[{"name":"","type":"IMAGE","links":[45],"slot_index":0}],"properties":{"showOutputText":false,"horizontal":false}},{"id":4,"type":"CheckpointLoaderSimple","pos":[330,720],"size":{"0":530,"1":110},"flags":{},"order":1,"mode":0,"outputs":[{"name":"MODEL","type":"MODEL","links":[17],"slot_index":0},{"name":"CLIP","type":"CLIP","links":[13],"slot_index":1},{"name":"VAE","type":"VAE","links":[24],"slot_index":2}],"properties":{"Node name for S&R":"CheckpointLoaderSimple"},"widgets_values":["SDXL/lightning/dreamshaperXL_lightningDPMSDE.safetensors"]},{"id":37,"type":"LoadImage","pos":[1470,30],"size":{"0":310,"1":314},"flags":{},"order":2,"mode":0,"outputs":[{"name":"IMAGE","type":"IMAGE","links":[36,42],"shape":3,"slot_index":0},{"name":"MASK","type":"MASK","links":null,"shape":3}],"properties":{"Node name for S&R":"LoadImage"},"widgets_values":["pearl_earring.jpg","image"]},{"id":48,"type":"Note","pos":[1518,387],"size":[210,58],"flags":{},"order":3,"mode":0,"properties":{"text":""},"widgets_values":["pearl_earring.jpg"],"color":"#432","bgcolor":"#653"},{"id":47,"type":"Note","pos":[292,878],"size":{"0":617.7569580078125,"1":66.29908752441406},"flags":{},"order":4,"mode":0,"properties":{"text":""},"widgets_values":["dreamshaperXL_lightningDPMSDE.safetensors\n\nhttps://civitai.com/api/download/models/354657?type=Model&format=SafeTensor&size=full&fp=fp16"],"color":"#432","bgcolor":"#653"}],"links":[[10,6,0,3,1,"CONDITIONING"],[11,7,0,3,2,"CONDITIONING"],[12,3,0,8,0,"LATENT"],[13,4,1,10,0,"CLIP"],[15,10,0,6,0,"CLIP"],[16,10,0,7,0,"CLIP"],[17,4,0,26,0,"*"],[20,5,0,28,0,"*"],[21,28,0,3,3,"LATENT"],[22,29,0,8,1,"VAE"],[23,30,0,29,0,"*"],[24,4,2,30,0,"*"],[25,31,0,5,0,"INT"],[26,31,1,5,1,"INT"],[30,33,0,35,0,"MODEL"],[31,26,0,33,0,"MODEL"],[33,35,0,27,0,"*"],[34,33,1,35,1,"IPADAPTER"],[36,37,0,35,2,"IMAGE"],[38,27,0,3,0,"MODEL"],[40,8,0,39,0,"IMAGE"],[41,39,0,38,0,"IMAGE"],[42,37,0,40,0,"*"],[43,40,0,41,0,"*"],[44,43,0,42,0,"IMAGE"],[45,41,0,43,0,"IMAGE"]],"groups":[{"title":"IPAdapter","bounding":[1330,-190,988,652],"color":"#b39ddb","font_size":24},{"title":"CHECKPOINT","bounding":[270,580,676,412],"color":"#3f789e","font_size":24},{"title":"EMPTY LATENT IMAGE","bounding":[1330,1050,970,240],"color":"#a1309b","font_size":24},{"title":"CONDITIONING","bounding":[1070,500,1440,510],"color":"#b58b2a","font_size":24},{"title":"SAMPLER","bounding":[2650,510,710,680],"color":"#b06634","font_size":24},{"title":"OUTPUT IMAGE","bounding":[3420,550,2700,1630],"color":"#3f789e","font_size":24}],"config":{},"extra":{"workspace_info":{"id":"Gic-9W9gPl609Coi7n5ZT","saveLock":false,"cloudID":null,"coverMediaPath":null},"ds":{"scale":0.814027493868427,"offset":[88.37745434795025,142.6695769982623]}},"version":0.4}