{"last_node_id":52,"last_link_id":76,"nodes":[{"id":51,"type":"CheckpointLoaderSimple","pos":[137.2758019515686,460.74035647833267],"size":{"0":530,"1":110},"flags":{},"order":0,"mode":0,"outputs":[{"name":"MODEL","type":"MODEL","links":[69],"slot_index":0},{"name":"CLIP","type":"CLIP","links":[65],"slot_index":1},{"name":"VAE","type":"VAE","links":[76],"slot_index":2}],"properties":{"Node name for S&R":"CheckpointLoaderSimple"},"widgets_values":["SD15/DreamShaper_8_pruned.safetensors"]},{"id":43,"type":"VAEDecode","pos":[2640,430],"size":{"0":210,"1":46},"flags":{},"order":12,"mode":0,"inputs":[{"name":"samples","type":"LATENT","link":64},{"name":"vae","type":"VAE","link":74,"slot_index":1}],"outputs":[{"name":"IMAGE","type":"IMAGE","links":[66],"slot_index":0}],"properties":{"Node name for S&R":"VAEDecode"}},{"id":42,"type":"Reroute","pos":[2433,1208],"size":[75,26],"flags":{},"order":10,"mode":0,"inputs":[{"name":"","type":"*","link":75,"slot_index":0}],"outputs":[{"name":"","type":"VAE","links":[74]}],"properties":{"showOutputText":false,"horizontal":false}},{"id":41,"type":"Reroute","pos":[779,168],"size":[75,26],"flags":{},"order":3,"mode":0,"inputs":[{"name":"","type":"*","link":69}],"outputs":[{"name":"","type":"MODEL","links":[70],"slot_index":0}],"properties":{"showOutputText":false,"horizontal":false}},{"id":45,"type":"Reroute","pos":[1794,958],"size":[75,26],"flags":{},"order":6,"mode":0,"inputs":[{"name":"","type":"*","link":72}],"outputs":[{"name":"","type":"LATENT","links":[73],"slot_index":0}],"properties":{"showOutputText":false,"horizontal":false}},{"id":11,"type":"PreviewImage","pos":[3011,430],"size":{"0":580,"1":810},"flags":{},"order":13,"mode":0,"inputs":[{"name":"images","type":"IMAGE","link":66}],"properties":{"Node name for S&R":"PreviewImage"}},{"id":46,"type":"Reroute","pos":[786,1208],"size":[75,26],"flags":{},"order":5,"mode":0,"inputs":[{"name":"","type":"*","link":76}],"outputs":[{"name":"","type":"VAE","links":[75]}],"properties":{"showOutputText":false,"horizontal":false}},{"id":44,"type":"CLIPTextEncode","pos":[1350,595],"size":{"0":425.27801513671875,"1":180.6060791015625},"flags":{},"order":9,"mode":0,"inputs":[{"name":"clip","type":"CLIP","link":68}],"outputs":[{"name":"CONDITIONING","type":"CONDITIONING","links":[63],"slot_index":0}],"properties":{"Node name for S&R":"CLIPTextEncode"},"widgets_values":["drawing, illustration, sketch, painting"],"color":"#322","bgcolor":"#533"},{"id":48,"type":"CLIPSetLastLayer","pos":[884,481],"size":{"0":315,"1":58},"flags":{},"order":4,"mode":0,"inputs":[{"name":"clip","type":"CLIP","link":65}],"outputs":[{"name":"CLIP","type":"CLIP","links":[67,68],"shape":3,"slot_index":0}],"properties":{"Node name for S&R":"CLIPSetLastLayer"},"widgets_values":[-2]},{"id":47,"type":"Reroute","pos":[1798,167],"size":[75,26],"flags":{},"order":7,"mode":0,"inputs":[{"name":"","type":"*","link":70}],"outputs":[{"name":"","type":"MODEL","links":[71],"slot_index":0}],"properties":{"showOutputText":false,"horizontal":false}},{"id":50,"type":"KSampler","pos":[2220,430],"size":{"0":320,"1":474},"flags":{},"order":11,"mode":0,"inputs":[{"name":"model","type":"MODEL","link":71},{"name":"positive","type":"CONDITIONING","link":62},{"name":"negative","type":"CONDITIONING","link":63},{"name":"latent_image","type":"LATENT","link":73}],"outputs":[{"name":"LATENT","type":"LATENT","links":[64],"slot_index":0}],"properties":{"Node name for S&R":"KSampler"},"widgets_values":[123456789,"fixed",30,6,"dpmpp_2m","karras",1]},{"id":5,"type":"EmptyLatentImage","pos":[1319,958],"size":{"0":315,"1":106},"flags":{},"order":1,"mode":0,"outputs":[{"name":"LATENT","type":"LATENT","links":[72],"slot_index":0}],"properties":{"Node name for S&R":"EmptyLatentImage"},"widgets_values":[512,768,1]},{"id":52,"type":"Note","pos":[1364,1107],"size":{"0":223.8467559814453,"1":58},"flags":{},"order":2,"mode":0,"properties":{"text":""},"widgets_values":["512x512, 512x768, 768x512"],"color":"#432","bgcolor":"#653"},{"id":49,"type":"CLIPTextEncode","pos":[1352,376],"size":{"0":422.84503173828125,"1":164.31304931640625},"flags":{},"order":8,"mode":0,"inputs":[{"name":"clip","type":"CLIP","link":67,"slot_index":0}],"outputs":[{"name":"CONDITIONING","type":"CONDITIONING","links":[62],"slot_index":0}],"properties":{"Node name for S&R":"CLIPTextEncode"},"widgets_values":["ice cream, (cute frog:1.1), chocolate syrup, birthday party"],"color":"#232","bgcolor":"#353"}],"links":[[62,49,0,50,1,"CONDITIONING"],[63,44,0,50,2,"CONDITIONING"],[64,50,0,43,0,"LATENT"],[65,51,1,48,0,"CLIP"],[66,43,0,11,0,"IMAGE"],[67,48,0,49,0,"CLIP"],[68,48,0,44,0,"CLIP"],[69,51,0,41,0,"*"],[70,41,0,47,0,"*"],[71,47,0,50,0,"MODEL"],[72,5,0,45,0,"*"],[73,45,0,50,3,"LATENT"],[74,42,0,43,1,"VAE"],[75,46,0,42,0,"*"],[76,51,2,46,0,"*"]],"groups":[{"title":"CHECKPOINT","bounding":[47,291,703,456],"color":"#8AA","font_size":24},{"title":"EMPTY LATENT","bounding":[1257,846,623,343],"color":"#a1309b","font_size":24},{"title":"CONDITIONING","bounding":[860,280,1002,552],"color":"#b58b2a","font_size":24},{"title":"SAMPLER","bounding":[2170,330,720,640],"color":"#b06634","font_size":24},{"title":"OUTPUT","bounding":[2920,300,762,1010],"color":"#3f789e","font_size":24}],"config":{},"extra":{"ds":{"scale":0.9090909090909094,"offset":{"0":-628.2033943284931,"1":-57.8396948978164}},"workspace_info":{"id":"J_lO33uHvIOvr9XObocS8","saveLock":false,"cloudID":null,"coverMediaPath":null}},"version":0.4}