{"last_node_id":54,"last_link_id":77,"nodes":[{"id":43,"type":"Reroute","pos":[850,170],"size":[75,26],"flags":{},"order":4,"mode":0,"inputs":[{"name":"","type":"*","link":68}],"outputs":[{"name":"","type":"MODEL","links":[69],"slot_index":0}],"properties":{"showOutputText":false,"horizontal":false}},{"id":45,"type":"VAEDecode","pos":[2646,440],"size":{"0":210,"1":46},"flags":{},"order":14,"mode":0,"inputs":[{"name":"samples","type":"LATENT","link":63},{"name":"vae","type":"VAE","link":73,"slot_index":1}],"outputs":[{"name":"IMAGE","type":"IMAGE","links":[65],"slot_index":0}],"properties":{"Node name for S&R":"VAEDecode"}},{"id":48,"type":"Reroute","pos":[850,1350],"size":[75,26],"flags":{},"order":6,"mode":0,"inputs":[{"name":"","type":"*","link":75}],"outputs":[{"name":"","type":"VAE","links":[74]}],"properties":{"showOutputText":false,"horizontal":false}},{"id":49,"type":"Reroute","pos":[1777,169],"size":[75,26],"flags":{},"order":8,"mode":0,"inputs":[{"name":"","type":"*","link":69}],"outputs":[{"name":"","type":"MODEL","links":[70],"slot_index":0}],"properties":{"showOutputText":false,"horizontal":false}},{"id":5,"type":"EmptyLatentImage","pos":[1391,937],"size":{"0":315,"1":106},"flags":{},"order":7,"mode":0,"inputs":[{"name":"width","type":"INT","link":76,"widget":{"name":"width"}},{"name":"height","type":"INT","link":77,"widget":{"name":"height"}}],"outputs":[{"name":"LATENT","type":"LATENT","links":[71],"slot_index":0}],"properties":{"Node name for S&R":"EmptyLatentImage"},"widgets_values":[832,1216,1]},{"id":40,"type":"KSampler","pos":[2217,440],"size":{"0":320,"1":474},"flags":{},"order":13,"mode":0,"inputs":[{"name":"model","type":"MODEL","link":70},{"name":"positive","type":"CONDITIONING","link":61},{"name":"negative","type":"CONDITIONING","link":62},{"name":"latent_image","type":"LATENT","link":72}],"outputs":[{"name":"LATENT","type":"LATENT","links":[63],"slot_index":0}],"properties":{"Node name for S&R":"KSampler"},"widgets_values":[123456789,"fixed",6,1.5,"dpmpp_sde","karras",1]},{"id":50,"type":"PreviewImage","pos":[3121,441],"size":{"0":930,"1":1300},"flags":{},"order":15,"mode":0,"inputs":[{"name":"images","type":"IMAGE","link":65}],"properties":{"Node name for S&R":"PreviewImage"}},{"id":46,"type":"CLIPTextEncode","pos":[1360,605],"size":{"0":425.27801513671875,"1":180.6060791015625},"flags":{},"order":10,"mode":0,"inputs":[{"name":"clip","type":"CLIP","link":67}],"outputs":[{"name":"CONDITIONING","type":"CONDITIONING","links":[62],"slot_index":0}],"properties":{"Node name for S&R":"CLIPTextEncode"},"widgets_values":["drawing, illustration, sketch, painting"],"color":"#322","bgcolor":"#533"},{"id":42,"type":"CLIPSetLastLayer","pos":[936,497],"size":{"0":315,"1":58},"flags":{},"order":5,"mode":0,"inputs":[{"name":"clip","type":"CLIP","link":64}],"outputs":[{"name":"CLIP","type":"CLIP","links":[66,67],"shape":3,"slot_index":0}],"properties":{"Node name for S&R":"CLIPSetLastLayer"},"widgets_values":[-2]},{"id":51,"type":"CheckpointLoaderSimple","pos":[196,478],"size":{"0":530,"1":110},"flags":{},"order":0,"mode":0,"outputs":[{"name":"MODEL","type":"MODEL","links":[68],"slot_index":0},{"name":"CLIP","type":"CLIP","links":[64],"slot_index":1},{"name":"VAE","type":"VAE","links":[75],"slot_index":2}],"properties":{"Node name for S&R":"CheckpointLoaderSimple"},"widgets_values":["SDXL/lightning/dreamshaperXL_lightningDPMSDE.safetensors"]},{"id":10,"type":"Note","pos":[137,672],"size":{"0":617.7569580078125,"1":66.29908752441406},"flags":{},"order":1,"mode":0,"properties":{"text":""},"widgets_values":["dreamshaperXL_lightningDPMSDE.safetensors\n\nhttps://civitai.com/api/download/models/354657?type=Model&format=SafeTensor&size=full&fp=fp16"],"color":"#432","bgcolor":"#653"},{"id":52,"type":"SDXL Resolutions (JPS)","pos":[1012,937],"size":{"0":315,"1":78},"flags":{},"order":2,"mode":0,"outputs":[{"name":"width","type":"INT","links":[76],"shape":3,"slot_index":0},{"name":"height","type":"INT","links":[77],"shape":3,"slot_index":1}],"properties":{"Node name for S&R":"SDXL Resolutions (JPS)"},"widgets_values":["portrait - 832x1216 (2:3)"]},{"id":44,"type":"Reroute","pos":[2440,1350],"size":[75,26],"flags":{},"order":11,"mode":0,"inputs":[{"name":"","type":"*","link":74,"slot_index":0}],"outputs":[{"name":"","type":"VAE","links":[73]}],"properties":{"showOutputText":false,"horizontal":false}},{"id":54,"type":"Note","pos":[1376,1100],"size":[351.58817594977427,189.28164055597176],"flags":{},"order":3,"mode":0,"properties":{"text":""},"widgets_values":["SDXL optimal resolutions\n\n1024x1024\n\nlandscape - 1152x896 (4:3)\nlandscape - 1216x832 (3:2)\nlandscape - 1344x768 (16:9)\nlandscape - 1536x640 (21:9)\n\nportrait - 896x1152 (3:4)\nportrait - 832x1216 (2:3)\nportrait - 768x1344 (9:16)\nportrait - 640x1536 (9:21)"],"color":"#432","bgcolor":"#653"},{"id":41,"type":"CLIPTextEncode","pos":[1361,375],"size":{"0":422.84503173828125,"1":164.31304931640625},"flags":{},"order":9,"mode":0,"inputs":[{"name":"clip","type":"CLIP","link":66,"slot_index":0}],"outputs":[{"name":"CONDITIONING","type":"CONDITIONING","links":[61],"slot_index":0}],"properties":{"Node name for S&R":"CLIPTextEncode"},"widgets_values":["ice cream cake, (cute frog:1.1), chocolate syrup, (birthday party:1.4), birthday candles"],"color":"#232","bgcolor":"#353"},{"id":47,"type":"Reroute","pos":[1796,937],"size":[75,26],"flags":{},"order":12,"mode":0,"inputs":[{"name":"","type":"*","link":71}],"outputs":[{"name":"","type":"LATENT","links":[72],"slot_index":0}],"properties":{"showOutputText":false,"horizontal":false}}],"links":[[61,41,0,40,1,"CONDITIONING"],[62,46,0,40,2,"CONDITIONING"],[63,40,0,45,0,"LATENT"],[64,51,1,42,0,"CLIP"],[65,45,0,50,0,"IMAGE"],[66,42,0,41,0,"CLIP"],[67,42,0,46,0,"CLIP"],[68,51,0,43,0,"*"],[69,43,0,49,0,"*"],[70,49,0,40,0,"MODEL"],[71,5,0,47,0,"*"],[72,47,0,40,3,"LATENT"],[73,44,0,45,1,"VAE"],[74,48,0,44,0,"*"],[75,51,2,48,0,"*"],[76,52,0,5,0,"INT"],[77,52,1,5,1,"INT"]],"groups":[{"title":"CHECKPOINT","bounding":[48,370,771,495],"color":"#8AA","font_size":24},{"title":"EMPTY LATENT","bounding":[956,817,953,496],"color":"#a1309b","font_size":24},{"title":"CONDITIONING","bounding":[860,280,1033,522],"color":"#b58b2a","font_size":24},{"title":"SAMPLER","bounding":[2170,330,720,640],"color":"#b06634","font_size":24},{"title":"OUTPUT","bounding":[2972,330,1201,1470],"color":"#3f789e","font_size":24}],"config":{},"extra":{"ds":{"scale":0.5131581182307067,"offset":{"0":377.5960824790599,"1":382.5244711954074}},"workspace_info":{"id":"0xMQjlP86GyLWpZsulNqc","saveLock":false,"cloudID":null,"coverMediaPath":null}},"version":0.4}