{"last_node_id":21,"last_link_id":20,"nodes":[{"id":10,"type":"Note Plus (mtb)","pos":{"0":800,"1":211,"2":0,"3":0,"4":0,"5":0,"6":0,"7":0,"8":0,"9":0},"size":[561.3827530255621,304.65221141777374],"flags":{},"order":0,"mode":0,"inputs":[],"outputs":[],"title":"Unnamed","properties":{},"widgets_values":["<h1>ADJUST COMFYUI MAIN SETTINGS</h1>\n<h2>\"Gear\" icon above the \"Queue Prompt\" button.</h2>\n<table border=\"1\">\n<tbody><tr>\n<td>VHS Advanced Previews</td>\n<td>ON</td>\n</tr>\n<tr>\n<td>Anything Everywhere animate UE links</td>\n<td>Off</td>\n</tr>\n<tr>\n<td>Anything Everywhere show links</td>\n<td>Selected Nodes</td>\n</tr>\n<tr>\n<td>Link Render Mode</td>\n<td>Straight</td>\n</tr>\n<tr>\n<td>Number of nodes suggestions</td>\n<td>15</td>\n</tr>\n<tr>\n<td>Widget Value Control Mode</td>\n<td>before</td>\n</tr>\n</tbody></table>\n","markdown","","one_dark"],"color":"#432","bgcolor":"#653","shape":1},{"id":21,"type":"Note Plus (mtb)","pos":{"0":802,"1":567,"2":0,"3":0,"4":0,"5":0,"6":0,"7":0,"8":0,"9":0},"size":[561.0730210445868,211.6025126421364],"flags":{},"order":1,"mode":0,"inputs":[],"outputs":[],"title":"Unnamed","properties":{},"widgets_values":["<h1>ADJUST 'MANAGER' SETTINGS</h1>\n<h2>\"Manager\" button at the bottom of the toolbox.</h2>\n\n\n<table border=\"1\">\n<tbody><tr>\n<td>Preview Method</td>\n<td>Auto</td>\n</tr>\n<tr>\n<td>Badge</td>\n<td>#ID Nickname</td>\n</tr>\n<tr>\n<td>Default UI </td>\n<td>Queue</td>\n</tr>\n</tbody></table>\n","markdown","","one_dark"],"color":"#432","bgcolor":"#653","shape":1}],"links":[],"groups":[],"config":{},"extra":{"workspace_info":{"id":"yBVJacZgE3bG6k9P4b2EB","saveLock":false,"cloudID":null,"coverMediaPath":null},"ds":{"scale":0.6830134553650709,"offset":{"0":-106.20298035703895,"1":128.38690111052517}}},"version":0.4}